,architecture,task,kind,source,layer,ED,SNR,MRR,Encoding score
0,ResNet18,,Untrained,PyTorch,layer1.0.relu,2.7244182094603846,1.0965022455823363,0.23082513399779345,0.2040811445240129
1,ResNet18,,Untrained,PyTorch,layer1.1.relu,2.4960299922355675,0.9873049892691405,0.2126804419196724,0.2083862128079365
2,ResNet18,,Untrained,PyTorch,layer2.0.relu,2.317719490545292,0.9827811905333826,0.20670890903639835,0.2177408761953036
3,ResNet18,,Untrained,PyTorch,layer2.1.relu,1.988403264185318,0.8899495181598412,0.1996516304275643,0.2188633311361033
4,ResNet18,,Untrained,PyTorch,layer3.0.relu,1.8243845023443723,0.8783646427406823,0.2016719074856415,0.2194154603875345
5,ResNet18,,Untrained,PyTorch,layer3.1.relu,1.5383956576280733,0.7741406532629919,0.19339945514267506,0.2222291331848503
6,ResNet18,,Untrained,PyTorch,layer4.0.relu,1.4777157454650558,0.7625002658788982,0.19186605957207986,0.2254504925550727
7,ResNet18,,Untrained,PyTorch,layer4.1.relu,1.3731225406599723,0.708177211550698,0.1861030570815835,0.2246273235391332
8,ResNet50,,Untrained,PyTorch,layer1.0.relu,2.1178202910600468,1.0082748562961696,0.21965488049862247,0.2135538041835294
9,ResNet50,,Untrained,PyTorch,layer1.1.relu,2.1996226100286296,0.9546087609619064,0.21957029541276155,0.2119742235001424
10,ResNet50,,Untrained,PyTorch,layer1.2.relu,1.7882010408470446,0.8929948688980477,0.20172429690379973,0.2105909171028613
11,ResNet50,,Untrained,PyTorch,layer2.0.relu,1.6807155506307827,0.838688771998921,0.20061347737915752,0.2063292828557479
12,ResNet50,,Untrained,PyTorch,layer2.1.relu,1.5487896136537331,0.7319923681133889,0.1928221635984743,0.2079424652350696
13,ResNet50,,Untrained,PyTorch,layer2.2.relu,1.4076245533173153,0.6831939134306297,0.18510325779854325,0.2091957251948936
14,ResNet50,,Untrained,PyTorch,layer2.3.relu,1.270884359694329,0.6431340529384392,0.17061036774534327,0.2116958692368948
15,ResNet50,,Untrained,PyTorch,layer3.0.relu,1.228517020351708,0.6400167877854149,0.1670127695438573,0.2104467316179389
16,ResNet50,,Untrained,PyTorch,layer3.1.relu,1.1913577879742798,0.6015696855504243,0.16273301968489662,0.2023956524938125
17,ResNet50,,Untrained,PyTorch,layer3.2.relu,1.130331663863339,0.5440797167030552,0.15739146611515198,0.1967377085868032
18,ResNet50,,Untrained,PyTorch,layer3.3.relu,1.1011133290825226,0.5358199094301855,0.15421055887579588,0.188601436655984
19,ResNet50,,Untrained,PyTorch,layer3.4.relu,1.081767308775272,0.5245845772044385,0.14949373885792147,0.1869873033159285
20,ResNet50,,Untrained,PyTorch,layer3.5.relu,1.0667062585188456,0.5038179862490789,0.14699648488465258,0.18155570192498
21,ResNet50,,Untrained,PyTorch,layer4.0.relu,1.073664147192141,0.4977727182270376,0.14684883032218451,0.1767935153178803
22,ResNet50,,Untrained,PyTorch,layer4.1.relu,1.0616244553510985,0.487691669527591,0.14461861069379092,0.1677783592805612
23,ResNet50,,Untrained,PyTorch,layer4.2.relu,1.0646889280845722,0.4734329756722399,0.1444807070503951,0.168131618964749
24,ResNet18,Object Classification,Supervised,PyTorch,layer1.0.relu,7.195634245406435,1.7163044397123586,0.36260642200714976,0.2979153620685075
25,ResNet18,Object Classification,Supervised,PyTorch,layer1.1.relu,9.282137093035672,2.4586449295922885,0.41106375149767205,0.3091041005922063
26,ResNet18,Object Classification,Supervised,PyTorch,layer2.0.relu,12.530979839044695,2.375612493827713,0.4774726551715789,0.3681301573557076
27,ResNet18,Object Classification,Supervised,PyTorch,layer2.1.relu,14.80121066360096,2.570061512807097,0.5194571308370322,0.3994892987417101
28,ResNet18,Object Classification,Supervised,PyTorch,layer3.0.relu,21.361880719316783,2.4270738120481434,0.6333690777082386,0.4951440570827923
29,ResNet18,Object Classification,Supervised,PyTorch,layer3.1.relu,33.51101450249391,2.400553103086818,0.6865227802289645,0.503908181906432
30,ResNet18,Object Classification,Supervised,PyTorch,layer4.0.relu,56.75116901216077,2.776633448715883,0.7720957922434538,0.5159154381980755
31,ResNet18,Object Classification,Supervised,PyTorch,layer4.1.relu,113.02335437306434,3.3390231936038743,0.8772008663951404,0.4560315873900313
32,ResNet50,Object Classification,Supervised,PyTorch,layer1.0.relu,8.045734732624231,1.6389494656386352,0.37093792150274185,0.3064132898394607
33,ResNet50,Object Classification,Supervised,PyTorch,layer1.1.relu,9.359566093650232,1.7893120525934538,0.3861017527221864,0.3268957680397257
34,ResNet50,Object Classification,Supervised,PyTorch,layer1.2.relu,9.948390710761034,1.9001573675896049,0.39647895373347725,0.336637195967477
35,ResNet50,Object Classification,Supervised,PyTorch,layer2.0.relu,8.310351397869393,1.671394394695668,0.3953615743922167,0.3900744099944813
36,ResNet50,Object Classification,Supervised,PyTorch,layer2.1.relu,13.140007007571487,2.2246206259204406,0.4639161761434982,0.390400073561163
37,ResNet50,Object Classification,Supervised,PyTorch,layer2.2.relu,15.338724123638135,2.459054580297766,0.4915071875708826,0.3907970155794981
38,ResNet50,Object Classification,Supervised,PyTorch,layer2.3.relu,17.67596760194595,2.601450074322386,0.5092687745581289,0.3969148637476127
39,ResNet50,Object Classification,Supervised,PyTorch,layer3.0.relu,18.091324798616984,2.491134434152206,0.5786784990029087,0.4800734372512318
40,ResNet50,Object Classification,Supervised,PyTorch,layer3.1.relu,27.15842480208781,2.6114840996191826,0.6284182048634194,0.4956602037787237
41,ResNet50,Object Classification,Supervised,PyTorch,layer3.2.relu,30.50286395385793,2.7022127257328834,0.6524699069231492,0.4865083555427094
42,ResNet50,Object Classification,Supervised,PyTorch,layer3.3.relu,33.8369007555539,2.630405125589776,0.6745459508904166,0.4865361003148554
43,ResNet50,Object Classification,Supervised,PyTorch,layer3.4.relu,38.03664694580519,2.629805796718413,0.7005152458781488,0.489433566898079
44,ResNet50,Object Classification,Supervised,PyTorch,layer3.5.relu,52.128113212635526,2.650743247674742,0.7321806516230174,0.5022401209514945
45,ResNet50,Object Classification,Supervised,PyTorch,layer4.0.relu,57.24852329252405,3.14227631557617,0.8064255168405403,0.5218962362592012
46,ResNet50,Object Classification,Supervised,PyTorch,layer4.1.relu,70.47992194155839,3.237775320684583,0.8366985761403404,0.4934329582631335
47,ResNet50,Object Classification,Supervised,PyTorch,layer4.2.relu,117.46197100229904,3.649102191468177,0.8958013014900109,0.4465505700316
48,ResNet18,Object Classification,Supervised,VVS,layer1.0.relu,6.9094760133387405,1.8125440227533385,0.3664798469226773,0.2909968683469121
49,ResNet18,Object Classification,Supervised,VVS,layer1.1.relu,8.635258538516837,2.393362007119893,0.4072648420752758,0.3065279319753131
50,ResNet18,Object Classification,Supervised,VVS,layer2.0.relu,11.58842961707604,2.3677691775927108,0.46321753953351646,0.3677651017437526
51,ResNet18,Object Classification,Supervised,VVS,layer2.1.relu,15.06921822162886,2.6585701333019065,0.5298278828696199,0.3975070476768962
52,ResNet18,Object Classification,Supervised,VVS,layer3.0.relu,22.39236572133137,2.6079501115276766,0.637617688712387,0.5085014109143847
53,ResNet18,Object Classification,Supervised,VVS,layer3.1.relu,35.55454818365181,2.734215177410249,0.6888660546811186,0.5108053040358835
54,ResNet18,Object Classification,Supervised,VVS,layer4.0.relu,49.37182747979218,2.769680175726864,0.7624516020185319,0.528498152506743
55,ResNet18,Object Classification,Supervised,VVS,layer4.1.relu,113.24011605939246,3.2081322294098715,0.874620940851815,0.4751504479512549
56,ResNet18,Local Aggregation,Self-Supervised,VVS,layer1.0.relu,3.8282232469848343,1.6030283098289555,0.3145741120861026,0.2784571887879943
57,ResNet18,Local Aggregation,Self-Supervised,VVS,layer1.1.relu,8.572646457036017,2.2340632237410065,0.3518279652700599,0.2954826650429449
58,ResNet18,Local Aggregation,Self-Supervised,VVS,layer2.0.relu,11.48186129373114,2.114304356290128,0.3857575435975472,0.3670378171763552
59,ResNet18,Local Aggregation,Self-Supervised,VVS,layer2.1.relu,13.225563072327326,2.303834678915269,0.4215404497474201,0.3828531618309747
60,ResNet18,Local Aggregation,Self-Supervised,VVS,layer3.0.relu,19.18216668127709,1.9994120384196192,0.5133592432438299,0.4813216585353691
61,ResNet18,Local Aggregation,Self-Supervised,VVS,layer3.1.relu,26.41622473132419,1.6360656694784288,0.5674689490663812,0.4932014422277155
62,ResNet18,Local Aggregation,Self-Supervised,VVS,layer4.0.relu,35.24780653909002,1.5244036755392385,0.6209631575617331,0.5456523249126303
63,ResNet18,Local Aggregation,Self-Supervised,VVS,layer4.1.relu,74.28303398428034,2.1929046954026576,0.681541255112022,0.5474080353599766
64,ResNet18,Instance Recognition,Self-Supervised,VVS,layer1.0.relu,5.605546330900406,1.6623984167589092,0.3283034957019964,0.2768992362334462
65,ResNet18,Instance Recognition,Self-Supervised,VVS,layer1.1.relu,8.0638089854442,2.2396509722421936,0.34009265027960484,0.2957970791216637
66,ResNet18,Instance Recognition,Self-Supervised,VVS,layer2.0.relu,10.12983807191686,2.1083805283424946,0.37499169855658554,0.3623082978279175
67,ResNet18,Instance Recognition,Self-Supervised,VVS,layer2.1.relu,12.79200286879901,2.390304456685663,0.40725332318860347,0.3712556631294403
68,ResNet18,Instance Recognition,Self-Supervised,VVS,layer3.0.relu,18.764354284193328,2.0236770043996537,0.4903442005530148,0.469229355164504
69,ResNet18,Instance Recognition,Self-Supervised,VVS,layer3.1.relu,28.764033476061773,1.907160400463819,0.5548520707805108,0.4864512972142484
70,ResNet18,Instance Recognition,Self-Supervised,VVS,layer4.0.relu,32.041569147825626,1.710364397951475,0.5833038236659571,0.5293548615869648
71,ResNet18,Instance Recognition,Self-Supervised,VVS,layer4.1.relu,60.04625265129327,2.186392186876269,0.6398071591206168,0.5278096527261126
72,ResNet18,Auto-Encoder,Self-Supervised,VVS,layer1.0.relu,1.804610227136158,0.8865819690967549,0.15485462238797534,0.225927071647908
73,ResNet18,Auto-Encoder,Self-Supervised,VVS,layer1.1.relu,1.891739299091937,0.9323045064855549,0.1603040908468239,0.2425536861740332
74,ResNet18,Auto-Encoder,Self-Supervised,VVS,layer2.0.relu,2.3630986497462576,1.0232560550473402,0.17134174408033392,0.2518497372948265
75,ResNet18,Auto-Encoder,Self-Supervised,VVS,layer2.1.relu,2.309389637424785,1.0479077650974864,0.17226965350723564,0.2585115708786108
76,ResNet18,Auto-Encoder,Self-Supervised,VVS,layer3.0.relu,2.372926789854322,1.037193815961637,0.1758311089326801,0.2525881550979068
77,ResNet18,Auto-Encoder,Self-Supervised,VVS,layer3.1.relu,2.496191063786002,1.0043768383245733,0.17950380478719552,0.2368218064271509
78,ResNet18,Auto-Encoder,Self-Supervised,VVS,layer4.0.relu,2.372712493913165,0.9579604939537524,0.17304631424792463,0.2179629058700888
79,ResNet18,Auto-Encoder,Self-Supervised,VVS,layer4.1.relu,3.697825102396482,1.1734592618148576,0.18644116563613392,0.2117074419009478
80,ResNet18,Contrastive Predictive Coding,Self-Supervised,VVS,layer1.0.relu,4.088192345342197,1.6329355290214829,0.26222971108466686,0.2846060935454336
81,ResNet18,Contrastive Predictive Coding,Self-Supervised,VVS,layer1.1.relu,4.521863101073222,1.6141866911864875,0.27845225762155923,0.3063571286647789
82,ResNet18,Contrastive Predictive Coding,Self-Supervised,VVS,layer2.0.relu,5.707336990764843,1.6132055514335604,0.28927058994737465,0.325302227052857
83,ResNet18,Contrastive Predictive Coding,Self-Supervised,VVS,layer2.1.relu,5.801326925841886,1.6226311395017146,0.32610834346487855,0.3586173549822081
84,ResNet18,Contrastive Predictive Coding,Self-Supervised,VVS,layer3.0.relu,14.127616931385928,1.6940980708816034,0.3486778539345118,0.3781108166010111
85,ResNet18,Contrastive Predictive Coding,Self-Supervised,VVS,layer3.1.relu,20.26285104692773,1.7239700751887224,0.33691035419840304,0.3504042129133695
86,ResNet18,Contrastive Predictive Coding,Self-Supervised,VVS,layer4.0.relu,1.7340620321479656,0.8945610996949838,0.22041062386284302,0.3251869633137983
87,ResNet18,Contrastive Predictive Coding,Self-Supervised,VVS,layer4.1.relu,1.0628878723726842,0.4653425970864687,0.14676138484922568,0.2808746937673856
88,ResNet18,Colorization,Self-Supervised,VVS,layer1.0.relu,3.69016601232301,1.536923668732201,0.2317907050149946,0.2826824694915353
89,ResNet18,Colorization,Self-Supervised,VVS,layer1.1.relu,4.309730312452269,1.868981831078108,0.2690730490724712,0.2977743717863879
90,ResNet18,Colorization,Self-Supervised,VVS,layer2.0.relu,6.876992919099837,2.108519952517601,0.33273592719748185,0.3303795193472642
91,ResNet18,Colorization,Self-Supervised,VVS,layer2.1.relu,12.065277963381304,2.224750429347744,0.4229144533308415,0.3855552838557347
92,ResNet18,Colorization,Self-Supervised,VVS,layer3.0.relu,10.022406709183542,1.8688151691607235,0.42966727122591236,0.3750380336056231
93,ResNet18,Colorization,Self-Supervised,VVS,layer3.1.relu,26.130271767023405,1.7454128237381823,0.5457521744027243,0.4298403360006114
94,ResNet18,Colorization,Self-Supervised,VVS,layer4.0.relu,7.644626228142322,1.168929929280221,0.3637060861944373,0.3172480369369252
95,ResNet18,Colorization,Self-Supervised,VVS,layer4.1.relu,12.64726845864712,1.3724297944628732,0.44060768669281486,0.2983661160179
96,ResNet18,Relative Position,Self-Supervised,VVS,layer1.0.relu,5.24702257981579,1.6427832030770155,0.3196609915791137,0.2299815409448121
97,ResNet18,Relative Position,Self-Supervised,VVS,layer1.1.relu,5.53236151930815,1.7460490963331123,0.32828308689727137,0.239697733073997
98,ResNet18,Relative Position,Self-Supervised,VVS,layer2.0.relu,9.213855356858918,1.8555120998736936,0.3735551057607665,0.2927122996984151
99,ResNet18,Relative Position,Self-Supervised,VVS,layer2.1.relu,10.392236265000571,1.903976464865773,0.3895282337499313,0.3264686947356255
100,ResNet18,Relative Position,Self-Supervised,VVS,layer3.0.relu,14.026892217143748,1.880511926956044,0.41714033877802964,0.3684471506606283
101,ResNet18,Relative Position,Self-Supervised,VVS,layer3.1.relu,16.291541291321984,1.9558713315162315,0.4396682861371519,0.3971932880473065
102,ResNet18,Relative Position,Self-Supervised,VVS,layer4.0.relu,17.08934267722913,1.758521807756256,0.4387928200436816,0.4032610415151758
103,ResNet18,Relative Position,Self-Supervised,VVS,layer4.1.relu,16.197689284784243,1.7431018486374783,0.44626341288182453,0.3974323920594789
104,ResNet18,Depth Prediction,Supervised,VVS,layer1.0.relu,3.912151692741218,1.4706622660204025,0.291407502636461,0.2496812856151799
105,ResNet18,Depth Prediction,Supervised,VVS,layer1.1.relu,5.793603342175421,1.8563212956138824,0.31806248726105907,0.2538793551918529
106,ResNet18,Depth Prediction,Supervised,VVS,layer2.0.relu,8.421534975641796,2.2341590425149622,0.3586892511133998,0.2751044883252289
107,ResNet18,Depth Prediction,Supervised,VVS,layer2.1.relu,10.181790471079047,2.233395660273086,0.38043826075822607,0.3293542332730622
108,ResNet18,Depth Prediction,Supervised,VVS,layer3.0.relu,11.5118269067994,1.8945021173738288,0.36690531836659607,0.3601772517406736
109,ResNet18,Depth Prediction,Supervised,VVS,layer3.1.relu,13.7410244342745,1.9660789302963508,0.3761815810017243,0.3569719114317643
110,ResNet18,Depth Prediction,Supervised,VVS,layer4.0.relu,19.28273613153212,1.6736870761023883,0.3565832632615816,0.273634737746443
111,ResNet18,Depth Prediction,Supervised,VVS,layer4.1.relu,26.99987263827557,1.5964578835119203,0.36199061312257025,0.270280842926268
112,ResNet18,SimCLR,Self-Supervised,VVS,layer1.0.relu,4.581374014912477,1.6307950561181723,0.3327343893083204,0.3006611368257199
113,ResNet18,SimCLR,Self-Supervised,VVS,layer1.1.relu,7.424479419915902,1.9462139236795395,0.3477875753333627,0.303737720239392
114,ResNet18,SimCLR,Self-Supervised,VVS,layer2.0.relu,11.207013789631864,2.3578264920400582,0.38076596431813725,0.3358071597063429
115,ResNet18,SimCLR,Self-Supervised,VVS,layer2.1.relu,11.076782040220266,2.392204133633912,0.39808078555570303,0.3456413613441704
116,ResNet18,SimCLR,Self-Supervised,VVS,layer3.0.relu,17.919720374519457,2.212254502518222,0.49065035454501194,0.4605303136474163
117,ResNet18,SimCLR,Self-Supervised,VVS,layer3.1.relu,21.462200811403427,2.2593606916811915,0.547732413883985,0.4857585819644822
118,ResNet18,SimCLR,Self-Supervised,VVS,layer4.0.relu,30.442719306561383,2.3601547048964564,0.6434290550009285,0.5355894344065264
119,ResNet18,SimCLR,Self-Supervised,VVS,layer4.1.relu,50.57581307062426,2.3346809228797936,0.7132582075297815,0.5413108540470324
120,ResNet18,Deep Cluster,Self-Supervised,VVS,layer1.0.relu,4.7749855091943365,1.8069893450755483,0.2651260506608243,0.2677601823030311
121,ResNet18,Deep Cluster,Self-Supervised,VVS,layer1.1.relu,5.907112271352989,2.04017336983465,0.30211379834717245,0.2750659893950125
122,ResNet18,Deep Cluster,Self-Supervised,VVS,layer2.0.relu,10.49210211464024,2.1423598173041984,0.3784394022817369,0.3407266503681042
123,ResNet18,Deep Cluster,Self-Supervised,VVS,layer2.1.relu,12.657394085499158,2.280182772341928,0.4179214735016825,0.3824537911288079
124,ResNet18,Deep Cluster,Self-Supervised,VVS,layer3.0.relu,18.97255767396925,2.101836333324308,0.5079309494214954,0.469088118875375
125,ResNet18,Deep Cluster,Self-Supervised,VVS,layer3.1.relu,28.78790072668633,2.031669242417826,0.5786999036676054,0.4894792539987248
126,ResNet18,Deep Cluster,Self-Supervised,VVS,layer4.0.relu,65.28734171827944,2.011888712560312,0.6450196260398122,0.4962693577275482
127,ResNet18,Deep Cluster,Self-Supervised,VVS,layer4.1.relu,176.23513387403568,2.2403408339451234,0.6660358719010281,0.4594822118056389
128,ResNet18,Contrastive Multiview Coding,Self-Supervised,VVS,layer1.0.relu,3.776200449861152,1.58148707461077,0.25166511071182485,0.3020044590003105
129,ResNet18,Contrastive Multiview Coding,Self-Supervised,VVS,layer1.1.relu,5.539615332918693,2.0507067555611806,0.2737644761348924,0.2863060345733123
130,ResNet18,Contrastive Multiview Coding,Self-Supervised,VVS,layer2.0.relu,7.735891996097474,1.8903280013595187,0.3274658294030495,0.3417054011279635
131,ResNet18,Contrastive Multiview Coding,Self-Supervised,VVS,layer2.1.relu,8.212448293928137,2.157168074464981,0.34929514721983285,0.3673317704812243
132,ResNet18,Contrastive Multiview Coding,Self-Supervised,VVS,layer3.0.relu,17.70315173478181,2.105963124047041,0.46809764574556534,0.4573646169514349
133,ResNet18,Contrastive Multiview Coding,Self-Supervised,VVS,layer3.1.relu,23.78206782264225,2.034357284447172,0.5313598014136868,0.4733864755863974
134,ResNet18,Contrastive Multiview Coding,Self-Supervised,VVS,layer4.0.relu,33.01177216942253,1.9539931138083784,0.5812276075085033,0.4670997539159472
135,ResNet18,Contrastive Multiview Coding,Self-Supervised,VVS,layer4.1.relu,46.98225002824447,2.157496261881453,0.646367691720299,0.4566871147161612
136,ResNet50,Auto-Encoder,Self-Supervised,Taskonomy,layer1.0.relu,3.199491043357352,1.1717278922074357,0.2521664864156642,0.2174485169043179
137,ResNet50,Auto-Encoder,Self-Supervised,Taskonomy,layer1.1.relu,2.161703350911925,0.944294804105416,0.21433343252829654,0.204630601091873
138,ResNet50,Auto-Encoder,Self-Supervised,Taskonomy,layer1.2.relu,1.9523660960651164,0.8439360939677809,0.19332868312751658,0.1757126578603391
139,ResNet50,Auto-Encoder,Self-Supervised,Taskonomy,layer2.0.relu,1.463881604284558,0.6861422804733597,0.15902828669684027,0.1301155877766536
140,ResNet50,Auto-Encoder,Self-Supervised,Taskonomy,layer2.1.relu,1.3057476148432223,0.6258966907650334,0.1522420639118658,0.1198499576023743
141,ResNet50,Auto-Encoder,Self-Supervised,Taskonomy,layer2.2.relu,1.3321506785986337,0.6160579185826964,0.1509128274346294,0.1200921630831194
142,ResNet50,Auto-Encoder,Self-Supervised,Taskonomy,layer2.3.relu,1.3928084431226322,0.6340034280937455,0.15375445783533234,0.1226920757287381
143,ResNet50,Auto-Encoder,Self-Supervised,Taskonomy,layer3.0.relu,1.3020344785268438,0.6355894596169275,0.15051105689172067,0.1110796339712248
144,ResNet50,Auto-Encoder,Self-Supervised,Taskonomy,layer3.1.relu,1.3545381997505794,0.6998701289400356,0.14356081103545534,0.0759816866965992
145,ResNet50,Auto-Encoder,Self-Supervised,Taskonomy,layer3.2.relu,1.2469030430842067,0.6612803387117546,0.13661419001477437,0.0626600310210026
146,ResNet50,Auto-Encoder,Self-Supervised,Taskonomy,layer3.3.relu,1.1650476901482076,0.6088081605085621,0.1301153692010309,0.0487850441177875
147,ResNet50,Auto-Encoder,Self-Supervised,Taskonomy,layer3.4.relu,1.1539167885715735,0.6030868473245684,0.12892489183970554,0.0472197754093142
148,ResNet50,Auto-Encoder,Self-Supervised,Taskonomy,layer3.5.relu,1.3029322572499178,0.6279724188330194,0.13633164001232526,0.0593694442961975
149,ResNet50,Auto-Encoder,Self-Supervised,Taskonomy,layer4.0.relu,1.2908089614298517,0.6543077851991312,0.1330610642245183,0.074296996243674
150,ResNet50,Auto-Encoder,Self-Supervised,Taskonomy,layer4.1.relu,1.392048418396783,0.6236630737044498,0.11123129624573905,0.0544229115158436
151,ResNet50,Auto-Encoder,Self-Supervised,Taskonomy,layer4.2.relu,1.2102909301221454,0.5944883081775578,0.09255205130807038,0.0484781096473186
152,ResNet50,Curvature Estimation,Supervised,Taskonomy,layer1.0.relu,3.836450571402297,1.3784690377717068,0.29761625425731913,0.2643958607631395
153,ResNet50,Curvature Estimation,Supervised,Taskonomy,layer1.1.relu,3.224972813601645,1.260007489759283,0.2797745984291833,0.2606951709844259
154,ResNet50,Curvature Estimation,Supervised,Taskonomy,layer1.2.relu,3.2068086543501813,1.2496323700307823,0.2817253356698471,0.2698184253346595
155,ResNet50,Curvature Estimation,Supervised,Taskonomy,layer2.0.relu,1.7684863690913546,0.949505783814669,0.24615881421797595,0.2535637959075291
156,ResNet50,Curvature Estimation,Supervised,Taskonomy,layer2.1.relu,1.3791784790759456,0.7929108644170467,0.22274335611835525,0.2474588798469287
157,ResNet50,Curvature Estimation,Supervised,Taskonomy,layer2.2.relu,1.186819194606831,0.6706126211351064,0.19439079825276173,0.2417756833384527
158,ResNet50,Curvature Estimation,Supervised,Taskonomy,layer2.3.relu,1.1235789589777114,0.6090651053796272,0.1764274350827444,0.2453022552120821
159,ResNet50,Curvature Estimation,Supervised,Taskonomy,layer3.0.relu,1.0204241879072566,0.5171467775704708,0.13285610860189578,0.1584701729655806
160,ResNet50,Curvature Estimation,Supervised,Taskonomy,layer3.1.relu,1.0044298035444672,0.4883913117227322,0.1194998115392772,0.0807987396083726
161,ResNet50,Curvature Estimation,Supervised,Taskonomy,layer3.2.relu,1.0024173187047871,0.4974172970585434,0.11547405297809596,0.0572920035193825
162,ResNet50,Curvature Estimation,Supervised,Taskonomy,layer3.3.relu,1.0025856379134357,0.5073192098324417,0.11256846097578817,0.0360356291866942
163,ResNet50,Curvature Estimation,Supervised,Taskonomy,layer3.4.relu,1.002759504271553,0.5120187229336367,0.1078362109628525,0.0266477952674575
164,ResNet50,Curvature Estimation,Supervised,Taskonomy,layer3.5.relu,1.003833566096305,0.5187129243625936,0.10624031448930087,0.021721511252478
165,ResNet50,Curvature Estimation,Supervised,Taskonomy,layer4.0.relu,1.0042019195209173,0.5379872540642966,0.10732340457341652,0.016405038383791
166,ResNet50,Curvature Estimation,Supervised,Taskonomy,layer4.1.relu,1.0024705411405894,0.5498851570271663,0.09093091471134868,0.0150087159853306
167,ResNet50,Curvature Estimation,Supervised,Taskonomy,layer4.2.relu,1.0039314301241449,0.5507096373649508,0.08665441669409726,0.0144357736227442
168,ResNet50,Denoising,Self-Supervised,Taskonomy,layer1.0.relu,3.377321863924235,1.134529152553654,0.24809920788809378,0.2141959102105032
169,ResNet50,Denoising,Self-Supervised,Taskonomy,layer1.1.relu,2.2596695775784066,0.9639012455790362,0.21547860198132823,0.2081535485892408
170,ResNet50,Denoising,Self-Supervised,Taskonomy,layer1.2.relu,1.403521082669006,0.7052842544245287,0.177808351145125,0.1801396341889435
171,ResNet50,Denoising,Self-Supervised,Taskonomy,layer2.0.relu,1.2145841462933868,0.6004153163462362,0.1521520857427049,0.1266649517632961
172,ResNet50,Denoising,Self-Supervised,Taskonomy,layer2.1.relu,1.140771480448019,0.5622210246649296,0.1439277936748901,0.1155974897675436
173,ResNet50,Denoising,Self-Supervised,Taskonomy,layer2.2.relu,1.081303870742358,0.5340835848097388,0.14086732879178282,0.1140850186360865
174,ResNet50,Denoising,Self-Supervised,Taskonomy,layer2.3.relu,1.0455419838456057,0.5171717467659392,0.1345051912690863,0.1097609673267071
175,ResNet50,Denoising,Self-Supervised,Taskonomy,layer3.0.relu,1.037629544673602,0.5488335535711509,0.13139876066295428,0.1202576439216632
176,ResNet50,Denoising,Self-Supervised,Taskonomy,layer3.1.relu,1.0653998281238883,0.5658329578158211,0.13305546233019783,0.1285691135406526
177,ResNet50,Denoising,Self-Supervised,Taskonomy,layer3.2.relu,1.0621619680555434,0.5667582742871281,0.13351083825208918,0.130686502107693
178,ResNet50,Denoising,Self-Supervised,Taskonomy,layer3.3.relu,1.0655685615005706,0.5682965212270269,0.13398568511065842,0.1303046883983258
179,ResNet50,Denoising,Self-Supervised,Taskonomy,layer3.4.relu,1.061197036359059,0.5582507123452628,0.13466001721909987,0.1286720975431404
180,ResNet50,Denoising,Self-Supervised,Taskonomy,layer3.5.relu,1.069243065260739,0.5571248881587229,0.13745851411645907,0.1332961922978094
181,ResNet50,Denoising,Self-Supervised,Taskonomy,layer4.0.relu,1.187296598699214,0.465520965269024,0.14791474678846367,0.1478972538027544
182,ResNet50,Denoising,Self-Supervised,Taskonomy,layer4.1.relu,1.2278176920151584,0.4202691895893043,0.14827864488818843,0.1451449587695607
183,ResNet50,Denoising,Self-Supervised,Taskonomy,layer4.2.relu,1.2507069518245744,0.3863823537066445,0.14791048885227448,0.1440256101756468
184,ResNet50,Edge Detection (2D),Supervised,Taskonomy,layer1.0.relu,2.756508170127601,1.3156980430799134,0.19050611827041516,0.2302687555916014
185,ResNet50,Edge Detection (2D),Supervised,Taskonomy,layer1.1.relu,2.1331223143511964,1.341178532921616,0.19046647747599094,0.226380154295462
186,ResNet50,Edge Detection (2D),Supervised,Taskonomy,layer1.2.relu,1.7315039310215676,1.2987397802329397,0.18374561212005638,0.2170717239264165
187,ResNet50,Edge Detection (2D),Supervised,Taskonomy,layer2.0.relu,1.4727372115432271,1.1008028571952804,0.17106001184425979,0.1731799735007561
188,ResNet50,Edge Detection (2D),Supervised,Taskonomy,layer2.1.relu,1.6337917661021752,1.157675844874097,0.17427642379262093,0.1798357428162882
189,ResNet50,Edge Detection (2D),Supervised,Taskonomy,layer2.2.relu,1.8243626198756957,1.2403725289864689,0.17870058780455522,0.1809376479707157
190,ResNet50,Edge Detection (2D),Supervised,Taskonomy,layer2.3.relu,1.958598038457404,1.3654018878425924,0.17979115562980413,0.1748769726753234
191,ResNet50,Edge Detection (2D),Supervised,Taskonomy,layer3.0.relu,2.372025063026407,1.4693994062570608,0.18807881707192087,0.1852597537221689
192,ResNet50,Edge Detection (2D),Supervised,Taskonomy,layer3.1.relu,2.5469707736801217,1.5052548138930115,0.1924418074976986,0.192208630900038
193,ResNet50,Edge Detection (2D),Supervised,Taskonomy,layer3.2.relu,2.544374282507756,1.5061153554711233,0.19236934155237878,0.193983101298368
194,ResNet50,Edge Detection (2D),Supervised,Taskonomy,layer3.3.relu,2.5435471231316025,1.5069160277973206,0.1924534818011274,0.1936283964081517
195,ResNet50,Edge Detection (2D),Supervised,Taskonomy,layer3.4.relu,2.555268950810356,1.5253671814514629,0.19524556196524534,0.1953475874192607
196,ResNet50,Edge Detection (2D),Supervised,Taskonomy,layer3.5.relu,2.556397366005719,1.5401217097615028,0.19739276871660857,0.1996331281507851
197,ResNet50,Edge Detection (2D),Supervised,Taskonomy,layer4.0.relu,1.4082389449752435,1.0427719875847796,0.1658083988674287,0.1707772777419541
198,ResNet50,Edge Detection (2D),Supervised,Taskonomy,layer4.1.relu,1.3296885685771378,1.011322070067327,0.159756076699282,0.1615132295749
199,ResNet50,Edge Detection (2D),Supervised,Taskonomy,layer4.2.relu,1.27789634205852,0.9964015218596446,0.15420659463887984,0.1505496388774649
200,ResNet50,Edge Detection (3D),Supervised,Taskonomy,layer1.0.relu,3.382783113390317,1.409061162334599,0.2979188762059999,0.2563100192752857
201,ResNet50,Edge Detection (3D),Supervised,Taskonomy,layer1.1.relu,3.826173052865455,1.368275572755126,0.3004514767713896,0.2752768760982353
202,ResNet50,Edge Detection (3D),Supervised,Taskonomy,layer1.2.relu,3.446373239148278,1.3342281321687015,0.296046084973078,0.2841924585432702
203,ResNet50,Edge Detection (3D),Supervised,Taskonomy,layer2.0.relu,3.122378376819083,1.252468194338371,0.2892480472743333,0.2904554406897996
204,ResNet50,Edge Detection (3D),Supervised,Taskonomy,layer2.1.relu,2.4989387760221398,1.1845624372139694,0.2814446161883867,0.2830739651308044
205,ResNet50,Edge Detection (3D),Supervised,Taskonomy,layer2.2.relu,1.914522518635886,1.034036656347627,0.26046987737097677,0.2834905346621704
206,ResNet50,Edge Detection (3D),Supervised,Taskonomy,layer2.3.relu,1.9324527040822037,1.0583930873831495,0.2625938601897764,0.2934801581017874
207,ResNet50,Edge Detection (3D),Supervised,Taskonomy,layer3.0.relu,1.6655284089710989,0.9553907415511464,0.2509056267206298,0.295541239097644
208,ResNet50,Edge Detection (3D),Supervised,Taskonomy,layer3.1.relu,1.6383223562033356,0.9414322529661624,0.2473008747244617,0.3006063005879743
209,ResNet50,Edge Detection (3D),Supervised,Taskonomy,layer3.2.relu,1.5433805781450296,0.911133461750672,0.2385040500516618,0.2974714281090365
210,ResNet50,Edge Detection (3D),Supervised,Taskonomy,layer3.3.relu,1.6247281456985088,0.952167530813698,0.24320894187309436,0.3023761127961936
211,ResNet50,Edge Detection (3D),Supervised,Taskonomy,layer3.4.relu,1.6393731413641666,0.9528951542087972,0.24165907984489374,0.2995429553319363
212,ResNet50,Edge Detection (3D),Supervised,Taskonomy,layer3.5.relu,1.5935061973819875,0.9355510696467804,0.234928332782522,0.2942464237748277
213,ResNet50,Edge Detection (3D),Supervised,Taskonomy,layer4.0.relu,1.579038808281206,0.8710724418692044,0.21648119554991715,0.2881077914615205
214,ResNet50,Edge Detection (3D),Supervised,Taskonomy,layer4.1.relu,1.2902684434718927,0.7734672152776647,0.18532687518222538,0.2713067569008676
215,ResNet50,Edge Detection (3D),Supervised,Taskonomy,layer4.2.relu,1.136825551244371,0.7672043129134948,0.17358122938337156,0.2468499456490941
216,ResNet50,Egomotion,Supervised,Taskonomy,layer1.0.relu,4.638669732791871,1.374064287083547,0.3031034122298575,0.2467400553327507
217,ResNet50,Egomotion,Supervised,Taskonomy,layer1.1.relu,3.9686551906030383,1.3113797295514578,0.290567373751532,0.248684547294903
218,ResNet50,Egomotion,Supervised,Taskonomy,layer1.2.relu,3.530051278645915,1.29128235301819,0.28731890888622347,0.2513569972990906
219,ResNet50,Egomotion,Supervised,Taskonomy,layer2.0.relu,3.8530985172149865,1.2758259534841372,0.28979727568900715,0.2650917179043934
220,ResNet50,Egomotion,Supervised,Taskonomy,layer2.1.relu,3.211957558389224,1.2129104417669183,0.2802905268915378,0.2663480826444941
221,ResNet50,Egomotion,Supervised,Taskonomy,layer2.2.relu,3.185523197190096,1.220493089023392,0.27828449922230464,0.2727066638316072
222,ResNet50,Egomotion,Supervised,Taskonomy,layer2.3.relu,3.277905425962686,1.2171984024689613,0.2811403830770735,0.2727526846530717
223,ResNet50,Egomotion,Supervised,Taskonomy,layer3.0.relu,3.127736486696125,1.1868413198203405,0.27728867611941277,0.2668592062309992
224,ResNet50,Egomotion,Supervised,Taskonomy,layer3.1.relu,3.04645548673537,1.1883485106056022,0.27554533307398343,0.2690115428148651
225,ResNet50,Egomotion,Supervised,Taskonomy,layer3.2.relu,3.038308512835293,1.211146740788302,0.27476352978481944,0.272417865854636
226,ResNet50,Egomotion,Supervised,Taskonomy,layer3.3.relu,3.2419695310532286,1.2456478938965458,0.27691936441125775,0.2766799170188424
227,ResNet50,Egomotion,Supervised,Taskonomy,layer3.4.relu,3.3201620440410737,1.2685924663049086,0.27867043165845506,0.2773367993830653
228,ResNet50,Egomotion,Supervised,Taskonomy,layer3.5.relu,3.402180102651561,1.285496862262032,0.2804289512609655,0.2805458798568219
229,ResNet50,Egomotion,Supervised,Taskonomy,layer4.0.relu,2.978575496648116,1.2336900876883574,0.2731447369742294,0.2723624254058377
230,ResNet50,Egomotion,Supervised,Taskonomy,layer4.1.relu,1.3944124484766056,1.2489420228201231,0.2650564391429091,0.2579121236359275
231,ResNet50,Egomotion,Supervised,Taskonomy,layer4.2.relu,1.1207319099729571,1.4118518111027067,0.2594461375781967,0.2504531269011801
232,ResNet50,Fixated Pose Estimation,Supervised,Taskonomy,layer1.0.relu,4.612245760087389,1.3424901884504092,0.30155406958357345,0.2442295605103268
233,ResNet50,Fixated Pose Estimation,Supervised,Taskonomy,layer1.1.relu,3.906865955610767,1.2610059530294506,0.29003086286023616,0.2465577554893468
234,ResNet50,Fixated Pose Estimation,Supervised,Taskonomy,layer1.2.relu,3.928058453214085,1.2710426054909334,0.2925172612484657,0.2525218836633325
235,ResNet50,Fixated Pose Estimation,Supervised,Taskonomy,layer2.0.relu,3.875216886248149,1.232951673869511,0.28897246298994406,0.259769657874143
236,ResNet50,Fixated Pose Estimation,Supervised,Taskonomy,layer2.1.relu,3.5821587954475924,1.2118405571842674,0.28462069957871305,0.2638263623889454
237,ResNet50,Fixated Pose Estimation,Supervised,Taskonomy,layer2.2.relu,2.913929054339535,1.120418875401532,0.27055503478692905,0.2596333258903421
238,ResNet50,Fixated Pose Estimation,Supervised,Taskonomy,layer2.3.relu,2.902707180041705,1.07844728416354,0.26533953532439003,0.2682536317994067
239,ResNet50,Fixated Pose Estimation,Supervised,Taskonomy,layer3.0.relu,2.409322267178758,1.0451374900928136,0.25479361650152577,0.2718358155451704
240,ResNet50,Fixated Pose Estimation,Supervised,Taskonomy,layer3.1.relu,2.235839609217336,1.0241501485323206,0.2502641504404629,0.2695126145171889
241,ResNet50,Fixated Pose Estimation,Supervised,Taskonomy,layer3.2.relu,2.1893364465951244,1.0324038121263868,0.24915948271592508,0.271028821749081
242,ResNet50,Fixated Pose Estimation,Supervised,Taskonomy,layer3.3.relu,2.208858804329127,1.0210000757792388,0.24859396179268498,0.2742473276003465
243,ResNet50,Fixated Pose Estimation,Supervised,Taskonomy,layer3.4.relu,2.2307672014135576,1.043066202729169,0.2498821226728662,0.2718851339960866
244,ResNet50,Fixated Pose Estimation,Supervised,Taskonomy,layer3.5.relu,2.1651266593640672,1.042491255402188,0.24946909693788727,0.2700040390241324
245,ResNet50,Fixated Pose Estimation,Supervised,Taskonomy,layer4.0.relu,2.2997218178694285,1.0764529481311098,0.24102103062380525,0.242404263190719
246,ResNet50,Fixated Pose Estimation,Supervised,Taskonomy,layer4.1.relu,2.5709747089208026,1.077446986009997,0.2424409943817924,0.2316996124778731
247,ResNet50,Fixated Pose Estimation,Supervised,Taskonomy,layer4.2.relu,2.849258526015457,1.074030403539077,0.23965774214381094,0.2191785802110349
248,ResNet50,Jigsaw,Self-Supervised,Taskonomy,layer1.0.relu,2.29659204364593,1.3305823150593197,0.258340025655491,0.2662206768298543
249,ResNet50,Jigsaw,Self-Supervised,Taskonomy,layer1.1.relu,1.99255228938196,1.284606949065653,0.24410439573424494,0.2717457719241527
250,ResNet50,Jigsaw,Self-Supervised,Taskonomy,layer1.2.relu,2.0003775456665163,1.2957401824126649,0.2420346650161215,0.2679639121183465
251,ResNet50,Jigsaw,Self-Supervised,Taskonomy,layer2.0.relu,1.7126330423710785,1.223879741676536,0.21729255995333951,0.2328854291676937
252,ResNet50,Jigsaw,Self-Supervised,Taskonomy,layer2.1.relu,1.4801938558457115,1.0674073069955274,0.20378886820095868,0.2144525980051756
253,ResNet50,Jigsaw,Self-Supervised,Taskonomy,layer2.2.relu,1.8901202421708423,1.07210003410115,0.1996997244717827,0.2036249157683753
254,ResNet50,Jigsaw,Self-Supervised,Taskonomy,layer2.3.relu,2.389579624101045,1.088139961761853,0.20329042639593134,0.1886651054799203
255,ResNet50,Jigsaw,Self-Supervised,Taskonomy,layer3.0.relu,2.324659835177165,1.013231772799797,0.21093733579604884,0.1746943404669611
256,ResNet50,Jigsaw,Self-Supervised,Taskonomy,layer3.1.relu,2.230046827116493,1.0198916041416113,0.21205549851099587,0.170338719835146
257,ResNet50,Jigsaw,Self-Supervised,Taskonomy,layer3.2.relu,2.352686376233636,1.0636286632185812,0.2174465932182863,0.1742238429875959
258,ResNet50,Jigsaw,Self-Supervised,Taskonomy,layer3.3.relu,2.2316301632939477,1.0460201993981229,0.21800332150539953,0.1759529308786595
259,ResNet50,Jigsaw,Self-Supervised,Taskonomy,layer3.4.relu,2.009586512899609,1.0320927923081298,0.21544138016020487,0.1687566558141269
260,ResNet50,Jigsaw,Self-Supervised,Taskonomy,layer3.5.relu,2.3152680548062365,1.097891463794202,0.22264661930806953,0.17048726858472
261,ResNet50,Jigsaw,Self-Supervised,Taskonomy,layer4.0.relu,1.6106758647214157,0.9019342008056844,0.19053351061440083,0.1273333819214893
262,ResNet50,Jigsaw,Self-Supervised,Taskonomy,layer4.1.relu,1.507347598037041,0.8504581106250975,0.18806197136282884,0.1196630214571701
263,ResNet50,Jigsaw,Self-Supervised,Taskonomy,layer4.2.relu,1.5142054369467792,0.826662395172675,0.1895548769323462,0.1177817157183173
264,ResNet50,Keypoint Detection (2D),Supervised,Taskonomy,layer1.0.relu,1.797317154299563,0.8941709448489575,0.1547435371854767,0.216252066754487
265,ResNet50,Keypoint Detection (2D),Supervised,Taskonomy,layer1.1.relu,1.9395512997527944,0.9411217675663742,0.15469270776011493,0.2187930164852737
266,ResNet50,Keypoint Detection (2D),Supervised,Taskonomy,layer1.2.relu,1.9623787903018028,0.9381796247145572,0.1529726548118133,0.2131124933627438
267,ResNet50,Keypoint Detection (2D),Supervised,Taskonomy,layer2.0.relu,1.194411019837659,0.7241836770390033,0.13429196079804068,0.2013763687398787
268,ResNet50,Keypoint Detection (2D),Supervised,Taskonomy,layer2.1.relu,1.0819025619868174,0.6748188551569644,0.12933563668174647,0.1847625153401905
269,ResNet50,Keypoint Detection (2D),Supervised,Taskonomy,layer2.2.relu,1.0429804906718974,0.6351403619574075,0.12424284674017991,0.1664662502983452
270,ResNet50,Keypoint Detection (2D),Supervised,Taskonomy,layer2.3.relu,1.036622726423679,0.6397628103456926,0.12355336715691874,0.162617424197824
271,ResNet50,Keypoint Detection (2D),Supervised,Taskonomy,layer3.0.relu,1.003704133333305,0.5868844686291959,0.11744669818299058,0.1012615654181874
272,ResNet50,Keypoint Detection (2D),Supervised,Taskonomy,layer3.1.relu,1.001740223930874,0.5751053324425829,0.11645128087674546,0.098359313748842
273,ResNet50,Keypoint Detection (2D),Supervised,Taskonomy,layer3.2.relu,1.0032823087034397,0.5792097998553971,0.1170397072744497,0.1016312198096873
274,ResNet50,Keypoint Detection (2D),Supervised,Taskonomy,layer3.3.relu,1.005018233557022,0.5789019105325552,0.11676513975045733,0.1116774904124373
275,ResNet50,Keypoint Detection (2D),Supervised,Taskonomy,layer3.4.relu,1.0144168283968256,0.5831682734362629,0.1185986466769939,0.1288022561805442
276,ResNet50,Keypoint Detection (2D),Supervised,Taskonomy,layer3.5.relu,1.0540371418905436,0.5830633369056089,0.11970513461834023,0.1364974852757564
277,ResNet50,Keypoint Detection (2D),Supervised,Taskonomy,layer4.0.relu,1.0598472194215158,0.6168723284534959,0.11721457499286152,0.1498731807489072
278,ResNet50,Keypoint Detection (2D),Supervised,Taskonomy,layer4.1.relu,1.0604525091618808,0.6295249519977367,0.11709515492036396,0.1466423379785857
279,ResNet50,Keypoint Detection (2D),Supervised,Taskonomy,layer4.2.relu,1.0651148971932338,0.6444673012387828,0.1170717533218452,0.1367147656977519
280,ResNet50,Keypoint Detection (3D),Supervised,Taskonomy,layer1.0.relu,3.905367043429038,1.492450489152626,0.3057324553547029,0.2664940394329525
281,ResNet50,Keypoint Detection (3D),Supervised,Taskonomy,layer1.1.relu,3.874968000566044,1.4288183087772055,0.2957380204315124,0.2697327042162821
282,ResNet50,Keypoint Detection (3D),Supervised,Taskonomy,layer1.2.relu,4.3699559789312765,1.4504243367637584,0.3078116822342682,0.2897270205090858
283,ResNet50,Keypoint Detection (3D),Supervised,Taskonomy,layer2.0.relu,2.592164051191491,1.1749719100320952,0.2723282162127157,0.2795231310129321
284,ResNet50,Keypoint Detection (3D),Supervised,Taskonomy,layer2.1.relu,1.7497913370704956,0.9904732070796328,0.2482522447528809,0.2863906132064305
285,ResNet50,Keypoint Detection (3D),Supervised,Taskonomy,layer2.2.relu,1.7070031959901852,0.98023317735994,0.24796600291204918,0.2948695919640999
286,ResNet50,Keypoint Detection (3D),Supervised,Taskonomy,layer2.3.relu,1.887817313887008,1.0131190011934263,0.2602635945725392,0.3017966301312608
287,ResNet50,Keypoint Detection (3D),Supervised,Taskonomy,layer3.0.relu,1.4856495426434952,0.8035918874302791,0.2223821022022298,0.2963900514094097
288,ResNet50,Keypoint Detection (3D),Supervised,Taskonomy,layer3.1.relu,1.5011477479628408,0.8116345801425398,0.2230534490031461,0.3041872890762492
289,ResNet50,Keypoint Detection (3D),Supervised,Taskonomy,layer3.2.relu,1.4355852449771016,0.7648103290180668,0.21731780904635198,0.3078158104087634
290,ResNet50,Keypoint Detection (3D),Supervised,Taskonomy,layer3.3.relu,1.446246351712309,0.7642763537744911,0.2183420615541584,0.308528614643675
291,ResNet50,Keypoint Detection (3D),Supervised,Taskonomy,layer3.4.relu,1.508562135587904,0.8005624252701785,0.224084722108956,0.3074104970975348
292,ResNet50,Keypoint Detection (3D),Supervised,Taskonomy,layer3.5.relu,1.6216764336403682,0.8410517742790697,0.22797300834622888,0.3082751761992641
293,ResNet50,Keypoint Detection (3D),Supervised,Taskonomy,layer4.0.relu,1.748295209171522,0.8762767419964859,0.23246941719482125,0.3066790137380806
294,ResNet50,Keypoint Detection (3D),Supervised,Taskonomy,layer4.1.relu,1.9455946656859144,0.9409247632181674,0.23811338192791168,0.2985699286027975
295,ResNet50,Keypoint Detection (3D),Supervised,Taskonomy,layer4.2.relu,2.072845538275549,0.9536735426845382,0.23454473044900764,0.2888227898835985
296,ResNet50,Non-Fixated Pose Estimation,Supervised,Taskonomy,layer1.0.relu,5.230382075327705,1.3536069264785722,0.30791263370913136,0.2362581675192645
297,ResNet50,Non-Fixated Pose Estimation,Supervised,Taskonomy,layer1.1.relu,4.695076609112188,1.3068635457741171,0.3003783046690951,0.2451742288096328
298,ResNet50,Non-Fixated Pose Estimation,Supervised,Taskonomy,layer1.2.relu,4.087091477850839,1.2478964717581733,0.28944786312217885,0.2502388525291274
299,ResNet50,Non-Fixated Pose Estimation,Supervised,Taskonomy,layer2.0.relu,3.4943612266393105,1.1841252156565452,0.28098733446620644,0.2590904264219779
300,ResNet50,Non-Fixated Pose Estimation,Supervised,Taskonomy,layer2.1.relu,3.124234641434972,1.132336879829917,0.27390648033563036,0.2733640057802835
301,ResNet50,Non-Fixated Pose Estimation,Supervised,Taskonomy,layer2.2.relu,2.824516662059717,1.0756506389122291,0.2665198664300677,0.2801048333425204
302,ResNet50,Non-Fixated Pose Estimation,Supervised,Taskonomy,layer2.3.relu,2.826218161821372,1.1001987535328197,0.2642734551496896,0.2889857184968089
303,ResNet50,Non-Fixated Pose Estimation,Supervised,Taskonomy,layer3.0.relu,2.64514422538333,1.0847920536058,0.25846461426230216,0.2929142915619535
304,ResNet50,Non-Fixated Pose Estimation,Supervised,Taskonomy,layer3.1.relu,2.453835960995396,1.066712438468639,0.25434787550639915,0.296712454170924
305,ResNet50,Non-Fixated Pose Estimation,Supervised,Taskonomy,layer3.2.relu,1.9788539574391824,0.9609216978848752,0.24185244397179545,0.2931150744910779
306,ResNet50,Non-Fixated Pose Estimation,Supervised,Taskonomy,layer3.3.relu,1.5957486887016414,0.8799849143106034,0.22602779909436982,0.2899325601200126
307,ResNet50,Non-Fixated Pose Estimation,Supervised,Taskonomy,layer3.4.relu,1.4398462479698992,0.8220046034378905,0.21698834264854144,0.2898428500482541
308,ResNet50,Non-Fixated Pose Estimation,Supervised,Taskonomy,layer3.5.relu,1.2823074237068373,0.7441140518206204,0.2045250239041208,0.2877636728289835
309,ResNet50,Non-Fixated Pose Estimation,Supervised,Taskonomy,layer4.0.relu,1.1214826766250825,0.6711412181291294,0.1826578043859588,0.2643607300837965
310,ResNet50,Non-Fixated Pose Estimation,Supervised,Taskonomy,layer4.1.relu,1.144078437198026,0.6841503198502153,0.18241805535621436,0.2580440750284621
311,ResNet50,Non-Fixated Pose Estimation,Supervised,Taskonomy,layer4.2.relu,1.2443467861187831,0.7164363425115268,0.18703472439776453,0.248186614449536
312,ResNet50,Point Matching,Supervised,Taskonomy,layer1.0.relu,4.620843308954973,1.3582885952287187,0.3072938335821945,0.2513921903137524
313,ResNet50,Point Matching,Supervised,Taskonomy,layer1.1.relu,4.012982154451826,1.283299720842535,0.297153848094257,0.2530516979514401
314,ResNet50,Point Matching,Supervised,Taskonomy,layer1.2.relu,3.965228811201575,1.2817634897966754,0.2948734871750166,0.2579881137154209
315,ResNet50,Point Matching,Supervised,Taskonomy,layer2.0.relu,3.654385869501571,1.270942714171034,0.28799024655085287,0.2644798939324702
316,ResNet50,Point Matching,Supervised,Taskonomy,layer2.1.relu,3.854338908800223,1.261349971100925,0.28447970371561715,0.2629459203059606
317,ResNet50,Point Matching,Supervised,Taskonomy,layer2.2.relu,2.636927385439416,1.1179861701152445,0.26262925267819676,0.2629724160891898
318,ResNet50,Point Matching,Supervised,Taskonomy,layer2.3.relu,2.4941240087509784,1.0629589847442218,0.2565156404753704,0.2628630752076773
319,ResNet50,Point Matching,Supervised,Taskonomy,layer3.0.relu,2.1821996834959974,0.9750484625364356,0.23360932227955472,0.2653805687208229
320,ResNet50,Point Matching,Supervised,Taskonomy,layer3.1.relu,2.067338681396089,0.953941409828968,0.23048282220745034,0.266233405927418
321,ResNet50,Point Matching,Supervised,Taskonomy,layer3.2.relu,2.140731324127311,0.9613567556568724,0.2294265856444273,0.2638484699318612
322,ResNet50,Point Matching,Supervised,Taskonomy,layer3.3.relu,2.112859299432718,0.941619950124861,0.2258312610391803,0.259315347692637
323,ResNet50,Point Matching,Supervised,Taskonomy,layer3.4.relu,1.697914127604108,0.8336006233333915,0.21204109111523395,0.2549714079770727
324,ResNet50,Point Matching,Supervised,Taskonomy,layer3.5.relu,1.836063058806924,0.8964690306668955,0.2183168987530401,0.2550138671255692
325,ResNet50,Point Matching,Supervised,Taskonomy,layer4.0.relu,1.9594720645620909,0.8793894786929219,0.20735758691602682,0.2161754653448678
326,ResNet50,Point Matching,Supervised,Taskonomy,layer4.1.relu,1.9527263413077152,0.8853663598639786,0.20563848175169547,0.2089437740373773
327,ResNet50,Point Matching,Supervised,Taskonomy,layer4.2.relu,2.104462291424888,0.9015652046304284,0.20989661394886522,0.20625221142662
328,ResNet50,Reshading,Supervised,Taskonomy,layer1.0.relu,3.8390330212733215,1.416141813625232,0.2996160451870983,0.264774904773357
329,ResNet50,Reshading,Supervised,Taskonomy,layer1.1.relu,3.691361666163001,1.4460657193959756,0.3033686563107384,0.2751332467129725
330,ResNet50,Reshading,Supervised,Taskonomy,layer1.2.relu,3.3862677911176937,1.373036406176941,0.2978593562201568,0.276046964804289
331,ResNet50,Reshading,Supervised,Taskonomy,layer2.0.relu,2.8007765480882623,1.2810413026828629,0.29024131347003135,0.2764994358835396
332,ResNet50,Reshading,Supervised,Taskonomy,layer2.1.relu,2.6670705335617444,1.2894415079880988,0.2902037756449859,0.2789455305485125
333,ResNet50,Reshading,Supervised,Taskonomy,layer2.2.relu,2.734324920082595,1.3111529491475913,0.29465215207799494,0.2891742295710872
334,ResNet50,Reshading,Supervised,Taskonomy,layer2.3.relu,2.823172694392196,1.292495483084387,0.2928904764658588,0.304899669987266
335,ResNet50,Reshading,Supervised,Taskonomy,layer3.0.relu,2.3969436217106046,1.136515502074193,0.27152376348889307,0.3046929491837316
336,ResNet50,Reshading,Supervised,Taskonomy,layer3.1.relu,2.422942229355351,1.154531606436919,0.274841048818909,0.3178161754079563
337,ResNet50,Reshading,Supervised,Taskonomy,layer3.2.relu,2.423287341047076,1.1927706873949029,0.2804691459928931,0.3292079442225126
338,ResNet50,Reshading,Supervised,Taskonomy,layer3.3.relu,2.3792651816122024,1.205567585701119,0.27774147891048917,0.3387263780000368
339,ResNet50,Reshading,Supervised,Taskonomy,layer3.4.relu,2.45257747882466,1.2168758578486103,0.2792151977064312,0.3422369308405488
340,ResNet50,Reshading,Supervised,Taskonomy,layer3.5.relu,2.655517248035273,1.2608396222176703,0.2838306740397617,0.3449109421594024
341,ResNet50,Reshading,Supervised,Taskonomy,layer4.0.relu,3.8705233073330056,1.3649798078155206,0.2932482896186828,0.3436567144031163
342,ResNet50,Reshading,Supervised,Taskonomy,layer4.1.relu,4.627861889718439,1.3354584883532958,0.2929933428517556,0.3341892257535269
343,ResNet50,Reshading,Supervised,Taskonomy,layer4.2.relu,5.116722185463585,1.3308773430020635,0.2927757777984748,0.3173773500848297
344,ResNet50,Depth Estimation (Z-Buffer),Supervised,Taskonomy,layer1.0.relu,4.200467084905242,1.4121596307814377,0.3040951552265347,0.2657955243465482
345,ResNet50,Depth Estimation (Z-Buffer),Supervised,Taskonomy,layer1.1.relu,3.403747643694734,1.2737714280405203,0.2918104347673303,0.2735715827138714
346,ResNet50,Depth Estimation (Z-Buffer),Supervised,Taskonomy,layer1.2.relu,3.3981304774452568,1.3064455923087122,0.2929132265034266,0.2768392297665497
347,ResNet50,Depth Estimation (Z-Buffer),Supervised,Taskonomy,layer2.0.relu,2.666547261693069,1.20683810789458,0.2870382055843086,0.2778107745003214
348,ResNet50,Depth Estimation (Z-Buffer),Supervised,Taskonomy,layer2.1.relu,2.2843263169972694,1.1877927504116437,0.28149552445857273,0.2784491278798777
349,ResNet50,Depth Estimation (Z-Buffer),Supervised,Taskonomy,layer2.2.relu,1.9939692377470448,1.1250763514491269,0.2724789880264781,0.2873553718919893
350,ResNet50,Depth Estimation (Z-Buffer),Supervised,Taskonomy,layer2.3.relu,2.1960842670431155,1.1703402867132633,0.27944386321254594,0.3028055040890447
351,ResNet50,Depth Estimation (Z-Buffer),Supervised,Taskonomy,layer3.0.relu,1.8917718730481985,1.0363654931070598,0.26664771328330383,0.3135796440904195
352,ResNet50,Depth Estimation (Z-Buffer),Supervised,Taskonomy,layer3.1.relu,1.8379747824067711,1.0278359062360996,0.2672584846307283,0.315494500398627
353,ResNet50,Depth Estimation (Z-Buffer),Supervised,Taskonomy,layer3.2.relu,1.9319503307824852,1.0240129360084942,0.2721558980158772,0.3238642055325983
354,ResNet50,Depth Estimation (Z-Buffer),Supervised,Taskonomy,layer3.3.relu,2.125630301208554,1.0491186921759157,0.2777832499546468,0.3247652269909895
355,ResNet50,Depth Estimation (Z-Buffer),Supervised,Taskonomy,layer3.4.relu,2.286023174513023,1.0054636203130216,0.2778914534613802,0.3261702628562944
356,ResNet50,Depth Estimation (Z-Buffer),Supervised,Taskonomy,layer3.5.relu,2.692228428470475,0.8939932883166459,0.2694196608456841,0.3274604780419164
357,ResNet50,Depth Estimation (Z-Buffer),Supervised,Taskonomy,layer4.0.relu,2.124270742018965,0.5049877489415344,0.22304538674822658,0.3082166906317338
358,ResNet50,Depth Estimation (Z-Buffer),Supervised,Taskonomy,layer4.1.relu,1.1781084197998652,0.4050781345554702,0.1686652313118095,0.2963957253366398
359,ResNet50,Depth Estimation (Z-Buffer),Supervised,Taskonomy,layer4.2.relu,1.126183121825575,0.4007510296468524,0.15542024516693584,0.2733443348112894
360,ResNet50,Depth Estimation,Supervised,Taskonomy,layer1.0.relu,3.9457610029240833,1.4171159168725067,0.3047422214609153,0.2644114085906106
361,ResNet50,Depth Estimation,Supervised,Taskonomy,layer1.1.relu,3.962250074255968,1.3846598235418528,0.29975880550780076,0.2698486564836485
362,ResNet50,Depth Estimation,Supervised,Taskonomy,layer1.2.relu,3.823970588699271,1.3534779347071964,0.2964924288409735,0.2738696161123788
363,ResNet50,Depth Estimation,Supervised,Taskonomy,layer2.0.relu,2.3638851019185965,1.173139080937067,0.2854382168472746,0.2659719601405408
364,ResNet50,Depth Estimation,Supervised,Taskonomy,layer2.1.relu,2.048205209518004,1.0944269220041625,0.273380855838322,0.2702891128355048
365,ResNet50,Depth Estimation,Supervised,Taskonomy,layer2.2.relu,2.010429888619464,1.1112258213053576,0.27210110816105215,0.2784532996602496
366,ResNet50,Depth Estimation,Supervised,Taskonomy,layer2.3.relu,2.4300262231087366,1.1773822082672338,0.2883776763401459,0.2973563458312751
367,ResNet50,Depth Estimation,Supervised,Taskonomy,layer3.0.relu,1.796780631285025,1.023634795292652,0.2531023835603771,0.2979703776573483
368,ResNet50,Depth Estimation,Supervised,Taskonomy,layer3.1.relu,1.6786127487936149,0.9357218660814426,0.24376530554340534,0.2982147679009244
369,ResNet50,Depth Estimation,Supervised,Taskonomy,layer3.2.relu,1.829457184753307,0.9900729267203582,0.2541131175039837,0.3125923842106278
370,ResNet50,Depth Estimation,Supervised,Taskonomy,layer3.3.relu,1.9091111760523791,1.0102956869186777,0.2589248111848049,0.3136856318284421
371,ResNet50,Depth Estimation,Supervised,Taskonomy,layer3.4.relu,2.3025664254588323,1.1351358693305296,0.2718288452841133,0.3152419846951889
372,ResNet50,Depth Estimation,Supervised,Taskonomy,layer3.5.relu,2.4867794808859194,1.1719868503166857,0.2741421094996923,0.3106481676482788
373,ResNet50,Depth Estimation,Supervised,Taskonomy,layer4.0.relu,3.455799080196173,1.193545784871762,0.27421259478692106,0.2916833108737169
374,ResNet50,Depth Estimation,Supervised,Taskonomy,layer4.1.relu,3.349844104143508,1.1773124727787276,0.2693707078844646,0.285068964036664
375,ResNet50,Depth Estimation,Supervised,Taskonomy,layer4.2.relu,3.697827339341387,1.1579731919302667,0.26187659817205117,0.2598882514807013
376,ResNet50,Surface Normals Estimation,Supervised,Taskonomy,layer1.0.relu,3.9566367949837713,1.428839653476642,0.29624108996943244,0.2650937112713716
377,ResNet50,Surface Normals Estimation,Supervised,Taskonomy,layer1.1.relu,3.30873804458832,1.353706463504476,0.2867516934626544,0.275564698391412
378,ResNet50,Surface Normals Estimation,Supervised,Taskonomy,layer1.2.relu,3.926229520994548,1.457973411936408,0.2959333312033777,0.2844417219684232
379,ResNet50,Surface Normals Estimation,Supervised,Taskonomy,layer2.0.relu,2.5134404229016964,1.197199715260885,0.2713940650151653,0.2776304303203843
380,ResNet50,Surface Normals Estimation,Supervised,Taskonomy,layer2.1.relu,2.083172684734823,1.1106031452139526,0.2642499835817623,0.2867607567020838
381,ResNet50,Surface Normals Estimation,Supervised,Taskonomy,layer2.2.relu,2.306159956723989,1.1685711826097995,0.27290027261271543,0.2926632571798316
382,ResNet50,Surface Normals Estimation,Supervised,Taskonomy,layer2.3.relu,2.5567407949697665,1.2072533424841747,0.2862010644352594,0.3114876010039388
383,ResNet50,Surface Normals Estimation,Supervised,Taskonomy,layer3.0.relu,2.145449960182394,1.082984605694233,0.26023151798595967,0.3116214782536755
384,ResNet50,Surface Normals Estimation,Supervised,Taskonomy,layer3.1.relu,2.414037687621463,1.1698678539998806,0.27129138752869414,0.3258187627044104
385,ResNet50,Surface Normals Estimation,Supervised,Taskonomy,layer3.2.relu,2.349296406202908,1.1704308537197343,0.2669885645129789,0.3297336892971241
386,ResNet50,Surface Normals Estimation,Supervised,Taskonomy,layer3.3.relu,1.9022060945147137,0.9784872404619652,0.2369301556716057,0.326290279322766
387,ResNet50,Surface Normals Estimation,Supervised,Taskonomy,layer3.4.relu,1.3161327447961335,0.7189872522663702,0.1980778263598167,0.3068870850482463
388,ResNet50,Surface Normals Estimation,Supervised,Taskonomy,layer3.5.relu,1.1096283425904516,0.5884301410001695,0.16863164173267925,0.2823350756352178
389,ResNet50,Surface Normals Estimation,Supervised,Taskonomy,layer4.0.relu,1.0093485046076205,0.5137782230226408,0.13373245662020689,0.2068246639831276
390,ResNet50,Surface Normals Estimation,Supervised,Taskonomy,layer4.1.relu,1.0016100880544567,0.5096030578609954,0.12139778739481258,0.1207194370640659
391,ResNet50,Surface Normals Estimation,Supervised,Taskonomy,layer4.2.relu,1.001675651526673,0.5072289473892007,0.12041209958994503,0.0804267465979032
392,ResNet50,Room Layout,Supervised,Taskonomy,layer1.0.relu,4.295234396353169,1.440539832352745,0.29791201566270503,0.2630697086594544
393,ResNet50,Room Layout,Supervised,Taskonomy,layer1.1.relu,4.098470934782835,1.3910141856302374,0.29329264197906124,0.2676943596354548
394,ResNet50,Room Layout,Supervised,Taskonomy,layer1.2.relu,4.483176684503004,1.4016657024571832,0.30421738066110016,0.2712015610546919
395,ResNet50,Room Layout,Supervised,Taskonomy,layer2.0.relu,4.191416801541866,1.3660424816990266,0.2982593241583086,0.2797998560334228
396,ResNet50,Room Layout,Supervised,Taskonomy,layer2.1.relu,3.720648949009192,1.3263372607285329,0.2918435394097353,0.2808828861597193
397,ResNet50,Room Layout,Supervised,Taskonomy,layer2.2.relu,3.1556205131387105,1.2366826430865565,0.27598106219293306,0.2739742859370821
398,ResNet50,Room Layout,Supervised,Taskonomy,layer2.3.relu,2.5890895758495827,1.1420125394089755,0.26210808846708245,0.2740482875525684
399,ResNet50,Room Layout,Supervised,Taskonomy,layer3.0.relu,2.2753900540866443,1.069962936469786,0.2466652139884043,0.2698398029676391
400,ResNet50,Room Layout,Supervised,Taskonomy,layer3.1.relu,2.325465068256864,1.1174666863552862,0.24892383196699627,0.280471257536805
401,ResNet50,Room Layout,Supervised,Taskonomy,layer3.2.relu,2.564301833118286,1.171131075610711,0.2555960124035854,0.287038525770891
402,ResNet50,Room Layout,Supervised,Taskonomy,layer3.3.relu,2.6426553423284496,1.187326288893458,0.2566437135340239,0.2890983230382439
403,ResNet50,Room Layout,Supervised,Taskonomy,layer3.4.relu,2.882400344533872,1.234426332325653,0.2621264703358003,0.2899887451013277
404,ResNet50,Room Layout,Supervised,Taskonomy,layer3.5.relu,3.1426315298253704,1.2629145596491276,0.26608806094755366,0.292373701602549
405,ResNet50,Room Layout,Supervised,Taskonomy,layer4.0.relu,5.342469916172913,1.4126948409647055,0.2855309820980371,0.2642102282388123
406,ResNet50,Room Layout,Supervised,Taskonomy,layer4.1.relu,6.266881598701453,1.413895571581494,0.28845880863030665,0.2512122411202466
407,ResNet50,Room Layout,Supervised,Taskonomy,layer4.2.relu,6.658679439031293,1.3883370053593522,0.2900605766106147,0.2394945505271629
408,ResNet50,Unsupervised Segmentation (25D),Self-Supervised,Taskonomy,layer1.0.relu,4.44263074094273,1.4819104424371885,0.31266153977368577,0.2540042333330132
409,ResNet50,Unsupervised Segmentation (25D),Self-Supervised,Taskonomy,layer1.1.relu,3.198807898887729,1.289258919897332,0.29004905348794546,0.2561260043006902
410,ResNet50,Unsupervised Segmentation (25D),Self-Supervised,Taskonomy,layer1.2.relu,3.5924253262428367,1.3835198105533788,0.30050929841307955,0.2619856356422033
411,ResNet50,Unsupervised Segmentation (25D),Self-Supervised,Taskonomy,layer2.0.relu,2.9012786731051383,1.2203793679916597,0.28387731984024467,0.2615870876824394
412,ResNet50,Unsupervised Segmentation (25D),Self-Supervised,Taskonomy,layer2.1.relu,2.5327145305820995,1.1797005704917218,0.2746279558021931,0.2639779611096689
413,ResNet50,Unsupervised Segmentation (25D),Self-Supervised,Taskonomy,layer2.2.relu,2.651130697303795,1.2046304068081235,0.2757146487389187,0.2704133088560199
414,ResNet50,Unsupervised Segmentation (25D),Self-Supervised,Taskonomy,layer2.3.relu,2.792257280390249,1.195592065360661,0.27972334142632127,0.279761229924817
415,ResNet50,Unsupervised Segmentation (25D),Self-Supervised,Taskonomy,layer3.0.relu,2.153594725143181,0.98859811102437,0.25031654886736737,0.2904055734819083
416,ResNet50,Unsupervised Segmentation (25D),Self-Supervised,Taskonomy,layer3.1.relu,1.8986217617726184,0.9369854373088936,0.24018201724960483,0.2959986117810616
417,ResNet50,Unsupervised Segmentation (25D),Self-Supervised,Taskonomy,layer3.2.relu,2.0404177076411347,0.9753674455896396,0.2479127856448108,0.3054068589008493
418,ResNet50,Unsupervised Segmentation (25D),Self-Supervised,Taskonomy,layer3.3.relu,2.1064635978047224,0.9948052112095096,0.2514983103977607,0.3068847032833774
419,ResNet50,Unsupervised Segmentation (25D),Self-Supervised,Taskonomy,layer3.4.relu,2.192586653495517,1.0291259962642374,0.2566403432726673,0.3101249850651919
420,ResNet50,Unsupervised Segmentation (25D),Self-Supervised,Taskonomy,layer3.5.relu,2.372545341812865,1.0744728725263375,0.26028798646428697,0.308840011865679
421,ResNet50,Unsupervised Segmentation (25D),Self-Supervised,Taskonomy,layer4.0.relu,2.8951278568492107,1.2106546915322818,0.2722628298872597,0.2992968974596633
422,ResNet50,Unsupervised Segmentation (25D),Self-Supervised,Taskonomy,layer4.1.relu,2.937446466363455,1.2362731957826938,0.2710819475457464,0.2926667427693547
423,ResNet50,Unsupervised Segmentation (25D),Self-Supervised,Taskonomy,layer4.2.relu,3.2913219633745903,1.2809668919175698,0.27092427333835206,0.2833794340403285
424,ResNet50,Unsupervised Segmentation (2D),Self-Supervised,Taskonomy,layer1.0.relu,3.863275457562104,1.4366791305940405,0.27689341036815995,0.2477572922403014
425,ResNet50,Unsupervised Segmentation (2D),Self-Supervised,Taskonomy,layer1.1.relu,3.0782859962532183,1.3806495467605977,0.25709367468889155,0.2505386547855445
426,ResNet50,Unsupervised Segmentation (2D),Self-Supervised,Taskonomy,layer1.2.relu,2.833417482831316,1.3816506526945396,0.25347836991205847,0.2559374838637292
427,ResNet50,Unsupervised Segmentation (2D),Self-Supervised,Taskonomy,layer2.0.relu,2.9696660963569355,1.2223798892610789,0.23006774125292098,0.2712394528583964
428,ResNet50,Unsupervised Segmentation (2D),Self-Supervised,Taskonomy,layer2.1.relu,2.5167015011310685,1.1724212448300784,0.2158967454903158,0.2736904563123343
429,ResNet50,Unsupervised Segmentation (2D),Self-Supervised,Taskonomy,layer2.2.relu,2.44558202841883,1.2108704855296255,0.21830530952540794,0.2781096729283029
430,ResNet50,Unsupervised Segmentation (2D),Self-Supervised,Taskonomy,layer2.3.relu,2.684292417578291,1.2249995074061375,0.2227663105393892,0.28541653933557
431,ResNet50,Unsupervised Segmentation (2D),Self-Supervised,Taskonomy,layer3.0.relu,2.396499503002048,1.011783255658135,0.20205412593158373,0.2969915236684073
432,ResNet50,Unsupervised Segmentation (2D),Self-Supervised,Taskonomy,layer3.1.relu,2.1406621580756244,0.9855595776014424,0.20168302786178421,0.2976220191624491
433,ResNet50,Unsupervised Segmentation (2D),Self-Supervised,Taskonomy,layer3.2.relu,1.737581768460246,0.9180233781416304,0.19460613267102125,0.2921279391411326
434,ResNet50,Unsupervised Segmentation (2D),Self-Supervised,Taskonomy,layer3.3.relu,1.4087876678094284,0.8130030936878774,0.18513199474209868,0.2775002106583158
435,ResNet50,Unsupervised Segmentation (2D),Self-Supervised,Taskonomy,layer3.4.relu,1.2854449846225269,0.7558179300120929,0.17884610704204618,0.2745194926218575
436,ResNet50,Unsupervised Segmentation (2D),Self-Supervised,Taskonomy,layer3.5.relu,1.401029510627909,0.7947706067282722,0.1828943344807787,0.2724373987264188
437,ResNet50,Unsupervised Segmentation (2D),Self-Supervised,Taskonomy,layer4.0.relu,1.2668615406925086,0.6163265961307136,0.16867251751642967,0.2674903161739309
438,ResNet50,Unsupervised Segmentation (2D),Self-Supervised,Taskonomy,layer4.1.relu,1.3080435230148455,0.3977277705741041,0.16781709612669005,0.2631599666573115
439,ResNet50,Unsupervised Segmentation (2D),Self-Supervised,Taskonomy,layer4.2.relu,1.2875215990532,0.3791883515369487,0.16304771682292563,0.253155004924153
440,ResNet50,Semantic Segmentation,Supervised,Taskonomy,layer1.0.relu,3.789975844970395,1.4086986111073077,0.30713078165230656,0.2832732069378613
441,ResNet50,Semantic Segmentation,Supervised,Taskonomy,layer1.1.relu,3.641688895118138,1.419889819809053,0.30839062898527436,0.2961703769706643
442,ResNet50,Semantic Segmentation,Supervised,Taskonomy,layer1.2.relu,3.4315385600198565,1.406442346079935,0.30552097313849746,0.3111884528245427
443,ResNet50,Semantic Segmentation,Supervised,Taskonomy,layer2.0.relu,4.03647744669514,1.4211162185963506,0.30913064523616873,0.3240296020280274
444,ResNet50,Semantic Segmentation,Supervised,Taskonomy,layer2.1.relu,3.7420561163735018,1.4176259449100426,0.3091261265987582,0.3377165500504869
445,ResNet50,Semantic Segmentation,Supervised,Taskonomy,layer2.2.relu,4.03662954834203,1.4815384623263357,0.31751265411536755,0.3435762548363102
446,ResNet50,Semantic Segmentation,Supervised,Taskonomy,layer2.3.relu,4.304655118682905,1.439291034255315,0.3208297592480563,0.344849705629594
447,ResNet50,Semantic Segmentation,Supervised,Taskonomy,layer3.0.relu,4.6983107970892295,1.428733724186453,0.3117999343238076,0.3493176549539068
448,ResNet50,Semantic Segmentation,Supervised,Taskonomy,layer3.1.relu,4.519823915854814,1.3551845959630848,0.3017767190070383,0.3454544085523122
449,ResNet50,Semantic Segmentation,Supervised,Taskonomy,layer3.2.relu,4.519232484816061,1.369296687351988,0.30091186308484963,0.3490556211154955
450,ResNet50,Semantic Segmentation,Supervised,Taskonomy,layer3.3.relu,4.5859761400263785,1.3859114604418938,0.3027794767520662,0.351026673671766
451,ResNet50,Semantic Segmentation,Supervised,Taskonomy,layer3.4.relu,4.781217458687793,1.413181140591046,0.3043875161911879,0.3478223598922922
452,ResNet50,Semantic Segmentation,Supervised,Taskonomy,layer3.5.relu,5.021441223715039,1.4377428117436497,0.30454436820076036,0.3447880980213474
453,ResNet50,Semantic Segmentation,Supervised,Taskonomy,layer4.0.relu,6.972662579910134,1.4484381331456628,0.30949528288707306,0.3218257858818509
454,ResNet50,Semantic Segmentation,Supervised,Taskonomy,layer4.1.relu,7.45826116254732,1.3709412297250108,0.31001202842378717,0.3130468183438911
455,ResNet50,Semantic Segmentation,Supervised,Taskonomy,layer4.2.relu,6.793366622133011,1.17575874447083,0.299296389619597,0.3011300529646813
456,ResNet50,Object Classification,Supervised,Taskonomy,layer1.0.relu,4.513643685639834,1.4555347468532125,0.31768606949612455,0.2717943830000983
457,ResNet50,Object Classification,Supervised,Taskonomy,layer1.1.relu,4.868860522029427,1.4968451042639297,0.3247182217012017,0.2927152587976165
458,ResNet50,Object Classification,Supervised,Taskonomy,layer1.2.relu,5.332696383717387,1.5525792369580782,0.3337728005383771,0.3048332144589797
459,ResNet50,Object Classification,Supervised,Taskonomy,layer2.0.relu,6.233819374281221,1.585199579795177,0.3404985216826014,0.314474579134383
460,ResNet50,Object Classification,Supervised,Taskonomy,layer2.1.relu,6.36216293705796,1.623372887255578,0.34622856527435475,0.3395150473122971
461,ResNet50,Object Classification,Supervised,Taskonomy,layer2.2.relu,6.290700587436061,1.6056274041978271,0.3491318262281365,0.3554290663140258
462,ResNet50,Object Classification,Supervised,Taskonomy,layer2.3.relu,6.566969294800205,1.628251932956344,0.3576056569663881,0.3680785647919605
463,ResNet50,Object Classification,Supervised,Taskonomy,layer3.0.relu,6.478295255440841,1.5599249954683878,0.35961469084129316,0.3734002483815757
464,ResNet50,Object Classification,Supervised,Taskonomy,layer3.1.relu,6.284498829511821,1.5337357826357811,0.3590591753066347,0.3799520833817575
465,ResNet50,Object Classification,Supervised,Taskonomy,layer3.2.relu,6.525719888011002,1.574861672848355,0.3640841105675406,0.3903406995631662
466,ResNet50,Object Classification,Supervised,Taskonomy,layer3.3.relu,6.556072901398255,1.6077654079276271,0.36435905982662725,0.39643155696347
467,ResNet50,Object Classification,Supervised,Taskonomy,layer3.4.relu,6.383896455371434,1.602709481025026,0.3621003675239393,0.3988252004061132
468,ResNet50,Object Classification,Supervised,Taskonomy,layer3.5.relu,6.370089242008849,1.6065884505042194,0.3623097343268487,0.3980327514233552
469,ResNet50,Object Classification,Supervised,Taskonomy,layer4.0.relu,9.316060980264004,1.5708418177442391,0.38168032416042996,0.3951894206727254
470,ResNet50,Object Classification,Supervised,Taskonomy,layer4.1.relu,9.653462759046876,1.5186217367554198,0.376117205117734,0.3907428103525551
471,ResNet50,Object Classification,Supervised,Taskonomy,layer4.2.relu,9.727742469594425,1.4917124232898653,0.37417396971774186,0.3686330281334279
472,ResNet50,Scene Classification,Supervised,Taskonomy,layer1.0.relu,4.782403773353443,1.461639458862116,0.3209761340342152,0.2784147079054971
473,ResNet50,Scene Classification,Supervised,Taskonomy,layer1.1.relu,4.284694275800796,1.453545967211717,0.32409624805243986,0.2985303248771095
474,ResNet50,Scene Classification,Supervised,Taskonomy,layer1.2.relu,4.698788233352044,1.5268945654882684,0.33423983399376067,0.3086432490357658
475,ResNet50,Scene Classification,Supervised,Taskonomy,layer2.0.relu,4.370859540831679,1.5382485007255098,0.33336194520672546,0.3144372130321781
476,ResNet50,Scene Classification,Supervised,Taskonomy,layer2.1.relu,4.68096229734155,1.5995146079598053,0.3459055389651583,0.3343821516707149
477,ResNet50,Scene Classification,Supervised,Taskonomy,layer2.2.relu,4.852678075384164,1.5798335484430204,0.34464872803959246,0.3432496125469208
478,ResNet50,Scene Classification,Supervised,Taskonomy,layer2.3.relu,5.371382307379832,1.541035370351857,0.3565264403319323,0.3639470049053864
479,ResNet50,Scene Classification,Supervised,Taskonomy,layer3.0.relu,5.871069677915463,1.4901896543452688,0.3605294639484131,0.3655600131693768
480,ResNet50,Scene Classification,Supervised,Taskonomy,layer3.1.relu,5.773614377855549,1.482321882081759,0.3593280498750197,0.3739352155885693
481,ResNet50,Scene Classification,Supervised,Taskonomy,layer3.2.relu,5.656704722354197,1.49369832207531,0.3617530557388668,0.3861800151083008
482,ResNet50,Scene Classification,Supervised,Taskonomy,layer3.3.relu,6.063637010009436,1.5227419884307738,0.36775799395844233,0.3969176538385359
483,ResNet50,Scene Classification,Supervised,Taskonomy,layer3.4.relu,6.164850104359655,1.5671631344842922,0.3736621067635083,0.4010937337095885
484,ResNet50,Scene Classification,Supervised,Taskonomy,layer3.5.relu,6.509370781343527,1.6015845930672403,0.3778664189556252,0.4040552854461721
485,ResNet50,Scene Classification,Supervised,Taskonomy,layer4.0.relu,10.517842078991668,1.6614020755288466,0.397520586678951,0.3788388284869902
486,ResNet50,Scene Classification,Supervised,Taskonomy,layer4.1.relu,11.005547312550116,1.61405838882448,0.39378574637805663,0.3713872096325631
487,ResNet50,Scene Classification,Supervised,Taskonomy,layer4.2.relu,10.838627772224765,1.5111143998356535,0.3809137712458061,0.3481745595926465
488,ResNet50,Inpainting,Self-Supervised,Taskonomy,layer1.0.relu,3.3591636104701017,1.2010514393605112,0.26917368418125986,0.2202721554683482
489,ResNet50,Inpainting,Self-Supervised,Taskonomy,layer1.1.relu,2.9815016341278024,1.0854143178926698,0.23999308792322976,0.2170392127487104
490,ResNet50,Inpainting,Self-Supervised,Taskonomy,layer1.2.relu,2.1625248480374264,0.9097942091175472,0.21099975517330324,0.2032172632734832
491,ResNet50,Inpainting,Self-Supervised,Taskonomy,layer2.0.relu,1.4644679647534498,0.710893225802216,0.17737209492632464,0.1695887711485263
492,ResNet50,Inpainting,Self-Supervised,Taskonomy,layer2.1.relu,1.2983046792254844,0.6539989882729218,0.1586963384373613,0.1371512447887507
493,ResNet50,Inpainting,Self-Supervised,Taskonomy,layer2.2.relu,1.323063570200991,0.6456222001554375,0.15482461195544725,0.1303772271764512
494,ResNet50,Inpainting,Self-Supervised,Taskonomy,layer2.3.relu,1.433262472445468,0.6616558560586685,0.15702441900205727,0.137160090698468
495,ResNet50,Inpainting,Self-Supervised,Taskonomy,layer3.0.relu,1.4655139530345973,0.6713725259737954,0.16048870183199618,0.1484392231270182
496,ResNet50,Inpainting,Self-Supervised,Taskonomy,layer3.1.relu,1.4550494588471754,0.6626873079261387,0.15944271426939918,0.1488488852398554
497,ResNet50,Inpainting,Self-Supervised,Taskonomy,layer3.2.relu,1.4300837947652112,0.6576409556964992,0.1590523540435833,0.1490749998426924
498,ResNet50,Inpainting,Self-Supervised,Taskonomy,layer3.3.relu,1.410105453625029,0.658523557987193,0.15837964454913894,0.1521237747697123
499,ResNet50,Inpainting,Self-Supervised,Taskonomy,layer3.4.relu,1.376468468394888,0.6139371129756322,0.1550051334905874,0.1553722818725295
500,ResNet50,Inpainting,Self-Supervised,Taskonomy,layer3.5.relu,1.4807206637830952,0.6069703642523906,0.15585525921465476,0.1642145408384182
501,ResNet50,Inpainting,Self-Supervised,Taskonomy,layer4.0.relu,1.2854289569080612,0.5180473086512033,0.14205989201304145,0.1556724725671543
502,ResNet50,Inpainting,Self-Supervised,Taskonomy,layer4.1.relu,1.2173310985930967,0.4502374813529861,0.13389246310633324,0.1484641423605058
503,ResNet50,Inpainting,Self-Supervised,Taskonomy,layer4.2.relu,1.1078118752762198,0.407331287760019,0.12032166588027002,0.1376102299918498
504,ResNet50,Vanishing Point Estimation,Supervised,Taskonomy,layer1.0.relu,2.992289105444855,1.45848904500202,0.27332237386854596,0.2625952459972282
505,ResNet50,Vanishing Point Estimation,Supervised,Taskonomy,layer1.1.relu,2.8569846169190187,1.495969626224945,0.27287621154308445,0.2592860134863147
506,ResNet50,Vanishing Point Estimation,Supervised,Taskonomy,layer1.2.relu,2.637891560315702,1.5183727173840866,0.26667217826326584,0.2508713421814511
507,ResNet50,Vanishing Point Estimation,Supervised,Taskonomy,layer2.0.relu,2.6248291241523254,1.5178842337914875,0.23840360030559338,0.20073784353847
508,ResNet50,Vanishing Point Estimation,Supervised,Taskonomy,layer2.1.relu,3.106421123482773,1.5775214199406056,0.23848220048166788,0.1895304903112298
509,ResNet50,Vanishing Point Estimation,Supervised,Taskonomy,layer2.2.relu,3.609948920723744,1.6282230806609286,0.244868262295944,0.1881501026797433
510,ResNet50,Vanishing Point Estimation,Supervised,Taskonomy,layer2.3.relu,4.381252047789495,1.664492635421713,0.25214823493671906,0.1847347811257465
511,ResNet50,Vanishing Point Estimation,Supervised,Taskonomy,layer3.0.relu,3.783229609713043,1.3568516758635132,0.22280436712866752,0.1675226676225605
512,ResNet50,Vanishing Point Estimation,Supervised,Taskonomy,layer3.1.relu,2.423193848758584,1.2530742154388443,0.21804467618148693,0.1625361907253177
513,ResNet50,Vanishing Point Estimation,Supervised,Taskonomy,layer3.2.relu,2.2842901947859358,1.227244778929358,0.2150729160615213,0.156817518398938
514,ResNet50,Vanishing Point Estimation,Supervised,Taskonomy,layer3.3.relu,2.1696934043147404,1.1899503454691185,0.20831193926779248,0.1530174520768448
515,ResNet50,Vanishing Point Estimation,Supervised,Taskonomy,layer3.4.relu,2.7973844541729456,1.2563778066967612,0.21252908491205638,0.1497198570985433
516,ResNet50,Vanishing Point Estimation,Supervised,Taskonomy,layer3.5.relu,3.296224139017614,1.3187480533008415,0.2201341979395103,0.1499309234733979
517,ResNet50,Vanishing Point Estimation,Supervised,Taskonomy,layer4.0.relu,5.558625525998396,1.4402420029611278,0.23448821517272256,0.1612340780766872
518,ResNet50,Vanishing Point Estimation,Supervised,Taskonomy,layer4.1.relu,1.3755635953384926,1.4386923477161502,0.22793539266705481,0.144832475885233
519,ResNet50,Vanishing Point Estimation,Supervised,Taskonomy,layer4.2.relu,1.041705804435839,1.5080433919924612,0.22126339014433824,0.1303904620449683
520,AlexNet,,Untrained,PyTorch,features.1,1.850199749827843,0.8961891355577156,0.21657403646269993,0.1481680717482151
521,AlexNet,,Untrained,PyTorch,features.4,2.5626298352205805,1.0266377392560624,0.23709715804259965,0.2395970132675594
522,AlexNet,,Untrained,PyTorch,features.7,2.892008485797929,1.012118020933636,0.2373859026199217,0.2793840170362241
523,AlexNet,,Untrained,PyTorch,features.9,3.002783154670433,1.0108515259395794,0.2369812752570462,0.2791434095283195
524,AlexNet,,Untrained,PyTorch,features.11,2.996003187009555,1.0035780346128502,0.23502869299380397,0.2765443162093222
525,AlexNet,Object Classification,Supervised,PyTorch,features.1,6.578640199514717,1.6289042628621968,0.3352097575310536,0.2473291708093861
526,AlexNet,Object Classification,Supervised,PyTorch,features.4,19.571595619373053,2.1303774640632147,0.4911430496865646,0.3757710911638819
527,AlexNet,Object Classification,Supervised,PyTorch,features.7,28.124513723348,2.308198460742544,0.5912909920995951,0.4524593572653987
528,AlexNet,Object Classification,Supervised,PyTorch,features.9,27.87033750230596,2.4074995707892906,0.6457965636196698,0.475871658958739
529,AlexNet,Object Classification,Supervised,PyTorch,features.11,52.2461237337429,2.463556300502512,0.7104858701121514,0.472947312639728
530,VGG16,,Untrained,PyTorch,features.18,1.991899664012444,0.8554488656907927,0.20656689934167582,0.2366951835009705
531,VGG16,,Untrained,PyTorch,features.20,1.8343032608794665,0.8155567333263603,0.20388704125263518,0.2408938162446251
532,VGG16,,Untrained,PyTorch,features.22,1.75227574127464,0.8332880500830367,0.19912743712473474,0.2420230139070569
533,VGG16,,Untrained,PyTorch,features.25,1.5633242173749242,0.7342193023620801,0.19975662404263667,0.2645330424208992
534,VGG16,,Untrained,PyTorch,features.27,1.6032663840121304,0.7632361552122074,0.2037430379654419,0.2716016331394323
535,VGG16,,Untrained,PyTorch,features.29,1.588242964628529,0.7778647305971522,0.2052181655914921,0.2831072296301588
536,VGG16,Object Classification,Supervised,PyTorch,features.18,16.518836374498093,2.617459042217956,0.5732000220951814,0.4568294747689174
537,VGG16,Object Classification,Supervised,PyTorch,features.20,20.292989759608275,2.6056402701824397,0.6197097893781992,0.4811103516246288
538,VGG16,Object Classification,Supervised,PyTorch,features.22,33.224321358356306,2.7009183476235146,0.6831047102616628,0.4908308657559304
539,VGG16,Object Classification,Supervised,PyTorch,features.25,31.45443666413964,2.5968536901928307,0.7124421429094695,0.50711258405683
540,VGG16,Object Classification,Supervised,PyTorch,features.27,44.46426802230814,2.5961629068069967,0.7465812817810374,0.5064145874582543
541,VGG16,Object Classification,Supervised,PyTorch,features.29,88.09525785708821,2.6802021147871256,0.8114246812687533,0.4837593816269008
542,SqueezeNet,,Untrained,PyTorch,features.4,1.5793896878135385,0.7941610349745807,0.17810944241235976,0.1936748895675669
543,SqueezeNet,,Untrained,PyTorch,features.6,1.4915394155175563,0.7190976050977151,0.16448977838347162,0.2068254311380185
544,SqueezeNet,,Untrained,PyTorch,features.8,1.743225803023414,0.7621753030006693,0.1660872415346475,0.20813310814188
545,SqueezeNet,,Untrained,PyTorch,features.10,1.286890344351049,0.6269823228302847,0.15095610251409272,0.2059651663037413
546,SqueezeNet,,Untrained,PyTorch,features.12,1.1216456178465075,0.5537148117217162,0.14769844732603205,0.2225277541833169
547,SqueezeNet,Object Classification,Supervised,PyTorch,features.4,6.185464787260353,1.6898030565659166,0.36421713966643304,0.3198177049247369
548,SqueezeNet,Object Classification,Supervised,PyTorch,features.6,4.864451637043836,1.622290908953954,0.3806041821564867,0.3713722754023231
549,SqueezeNet,Object Classification,Supervised,PyTorch,features.8,12.401063913893434,2.173914218590665,0.5037117863980148,0.4294767282265008
550,SqueezeNet,Object Classification,Supervised,PyTorch,features.10,20.99852411004247,2.48400345240732,0.5976071960747719,0.4686569924146911
551,SqueezeNet,Object Classification,Supervised,PyTorch,features.12,55.48631479154656,2.699509981718979,0.7791385131520304,0.4880124812972943
