ID,inter-ID,intra-ID,intra-ID (std),layer,architecture,task,kind,source
9.134688520415398,6.9451903545679965,19.69603219530635,6.337110779437855,layer1.0.relu,ResNet18,None,Untrained,PyTorch
8.98503426762762,7.135894562911607,19.489402346901976,5.972872359838126,layer1.1.relu,ResNet18,None,Untrained,PyTorch
9.092696678980705,7.241313080758381,19.38041265653377,5.885178046283946,layer2.0.relu,ResNet18,None,Untrained,PyTorch
9.673180820493636,7.326929190475467,19.10663334111387,5.734429016079292,layer2.1.relu,ResNet18,None,Untrained,PyTorch
9.797982935368065,7.971639426558424,19.07395512650695,5.618218244423125,layer3.0.relu,ResNet18,None,Untrained,PyTorch
9.889935808436748,7.151856921914467,19.144438662566106,5.816971511839951,layer3.1.relu,ResNet18,None,Untrained,PyTorch
9.721959233022448,7.535057909950351,19.96446714121707,6.3676257566224885,layer4.0.relu,ResNet18,None,Untrained,PyTorch
9.664363735217346,7.576862231767023,20.10309996407317,6.583210456216862,layer4.1.relu,ResNet18,None,Untrained,PyTorch
8.609900936887518,6.645001494510195,18.213051401925615,5.749531822165307,layer1.0.relu,ResNet50,None,Untrained,PyTorch
8.731384188583688,7.475905660903395,19.320647089045575,6.100636382500562,layer1.1.relu,ResNet50,None,Untrained,PyTorch
8.827803954940503,7.632820380780767,18.653018220415973,5.98232008305722,layer1.2.relu,ResNet50,None,Untrained,PyTorch
9.004344498837293,8.223766987914741,18.139840365561266,5.328604803893462,layer2.0.relu,ResNet50,None,Untrained,PyTorch
9.264873621987773,8.494181933471168,18.30592413060505,5.740520269097913,layer2.1.relu,ResNet50,None,Untrained,PyTorch
9.299057542167619,8.384825110768677,17.98042353303856,5.5644699392292525,layer2.2.relu,ResNet50,None,Untrained,PyTorch
9.470697745984092,8.650625445798564,16.761482679879425,5.2797114852774225,layer2.3.relu,ResNet50,None,Untrained,PyTorch
9.764805945100083,8.941402105947198,16.812809436712655,5.713707790378797,layer3.0.relu,ResNet50,None,Untrained,PyTorch
9.924738314055045,8.772268935787041,16.186793134882805,5.2243816320591225,layer3.1.relu,ResNet50,None,Untrained,PyTorch
10.034345134895249,8.309824738909647,15.506846237434656,5.017540022944596,layer3.2.relu,ResNet50,None,Untrained,PyTorch
10.171757676551788,8.01918189694583,15.041621842723853,5.105680465945129,layer3.3.relu,ResNet50,None,Untrained,PyTorch
10.340760635719285,7.683051072213541,13.951770377224532,4.420085760401744,layer3.4.relu,ResNet50,None,Untrained,PyTorch
10.245760529526375,7.316771673241127,13.260182846198788,4.149940182273916,layer3.5.relu,ResNet50,None,Untrained,PyTorch
10.281434692382081,7.132151255608132,13.01256910491878,3.9167229283969083,layer4.0.relu,ResNet50,None,Untrained,PyTorch
10.446143076294735,6.4703989069993435,12.232689733741847,3.5425721535570145,layer4.1.relu,ResNet50,None,Untrained,PyTorch
10.528787539328725,6.210931992434648,12.463195611542904,3.5979552658888503,layer4.2.relu,ResNet50,None,Untrained,PyTorch
11.981195121463854,17.963864874493527,36.068724549344964,11.090108587979195,layer1.0.relu,ResNet18,Object Classification,Supervised,PyTorch
13.065216211074008,28.667406561640984,48.804234802711825,19.03285075886057,layer1.1.relu,ResNet18,Object Classification,Supervised,PyTorch
14.008287265728503,19.48937776196647,53.8556000084166,18.634964376977088,layer2.0.relu,ResNet18,Object Classification,Supervised,PyTorch
13.635767119529772,25.235214731876006,55.269000731315266,18.416453932119683,layer2.1.relu,ResNet18,Object Classification,Supervised,PyTorch
12.660170632127935,13.414574728314745,41.305921038980415,15.133596464562315,layer3.0.relu,ResNet18,Object Classification,Supervised,PyTorch
13.260043257525046,12.978152178280226,41.99791609386618,15.298125333058668,layer3.1.relu,ResNet18,Object Classification,Supervised,PyTorch
14.888642016810778,12.935514196835328,36.80318643402593,14.773190106220579,layer4.0.relu,ResNet18,Object Classification,Supervised,PyTorch
15.388697766419709,8.595612910193472,27.946250631468335,9.465537055762375,layer4.1.relu,ResNet18,Object Classification,Supervised,PyTorch
12.015495747248908,11.46198552307596,32.80291467602866,9.868910322483652,layer1.0.relu,ResNet50,Object Classification,Supervised,PyTorch
13.083621769964541,13.342120042722897,40.42990479797654,11.774393732676227,layer1.1.relu,ResNet50,Object Classification,Supervised,PyTorch
14.469847540101783,15.170740566045056,47.95859938976841,13.206973651613266,layer1.2.relu,ResNet50,Object Classification,Supervised,PyTorch
15.083112490620202,13.241609829620023,41.146326141787924,12.902547689395359,layer2.0.relu,ResNet50,Object Classification,Supervised,PyTorch
15.006133144723627,16.019050205949167,50.190941682765896,15.799761447928905,layer2.1.relu,ResNet50,Object Classification,Supervised,PyTorch
17.327292956183815,22.170733975174745,55.23169417883837,18.049038317087145,layer2.2.relu,ResNet50,Object Classification,Supervised,PyTorch
17.346434742888633,24.492495391186416,58.3053869983844,20.387870894611332,layer2.3.relu,ResNet50,Object Classification,Supervised,PyTorch
17.166298038796693,14.508730599174,50.81748391208302,18.223789385000124,layer3.0.relu,ResNet50,Object Classification,Supervised,PyTorch
17.151253864753418,16.77542855288662,50.87958277557702,17.851594209648475,layer3.1.relu,ResNet50,Object Classification,Supervised,PyTorch
16.39703345643746,17.0459494604826,51.60299958256109,19.211010839012044,layer3.2.relu,ResNet50,Object Classification,Supervised,PyTorch
15.934324618821575,16.121649492528746,50.54900854490786,20.12875073561409,layer3.3.relu,ResNet50,Object Classification,Supervised,PyTorch
15.791251042887053,15.575763073549826,49.67550404024747,17.796619534973445,layer3.4.relu,ResNet50,Object Classification,Supervised,PyTorch
15.677952530028683,17.787679583919893,50.2924057218147,17.028638273020377,layer3.5.relu,ResNet50,Object Classification,Supervised,PyTorch
19.811281357913145,13.12416686222021,42.946917714275656,15.908985173465647,layer4.0.relu,ResNet50,Object Classification,Supervised,PyTorch
19.70028866297375,9.60992687733675,36.136549102835836,14.169516012624532,layer4.1.relu,ResNet50,Object Classification,Supervised,PyTorch
18.704916915807964,7.6837542531265814,29.594429073084846,8.68492450091392,layer4.2.relu,ResNet50,Object Classification,Supervised,PyTorch
10.609545886308798,13.751864857449876,39.151724014217564,12.41133249760736,encode_2,ResNet18,Object Classification,Supervised,VVS
12.106426345177544,21.185754015742162,54.543986970045054,19.857833394685226,encode_3,ResNet18,Object Classification,Supervised,VVS
14.518452857540025,20.303560571910978,54.66261451421497,18.420212631198552,encode_4,ResNet18,Object Classification,Supervised,VVS
15.667624918323451,26.598585708438,58.78583625565876,19.643420114438573,encode_5,ResNet18,Object Classification,Supervised,VVS
13.14120603702524,13.552373024343796,42.20722601068887,16.095071667452068,encode_6,ResNet18,Object Classification,Supervised,VVS
14.060852753886394,15.309922531297438,42.649206541088276,17.217388952303388,encode_7,ResNet18,Object Classification,Supervised,VVS
14.486621339975633,14.47957255903276,37.43148632088892,14.14413330834719,encode_8,ResNet18,Object Classification,Supervised,VVS
14.829528741864198,8.961311621812033,28.30237929535544,10.03851902401281,encode_9,ResNet18,Object Classification,Supervised,VVS
15.265484808275778,13.413091380054157,39.47360983959885,14.007583042473977,encode_2,ResNet18,Local Aggregation,Self-Supervised,VVS
17.921658416563233,26.25046427302283,47.70881822402308,19.466313793684318,encode_3,ResNet18,Local Aggregation,Self-Supervised,VVS
15.756277435125408,19.633225303682323,48.53885112280609,14.34042653016916,encode_4,ResNet18,Local Aggregation,Self-Supervised,VVS
18.60246381704625,26.282574482643653,53.60170289018552,16.92821225884435,encode_5,ResNet18,Local Aggregation,Self-Supervised,VVS
16.797825405145655,13.94747002551723,37.53754224050109,13.610561527689567,encode_6,ResNet18,Local Aggregation,Self-Supervised,VVS
24.643977956905015,10.665688327293296,30.99521038564243,12.551328497734097,encode_7,ResNet18,Local Aggregation,Self-Supervised,VVS
21.52387354636926,8.465804349488252,21.065026510766433,10.10268368357098,encode_8,ResNet18,Local Aggregation,Self-Supervised,VVS
15.330081205827652,9.6323856573765,22.686233279039794,8.611127078000818,encode_9,ResNet18,Local Aggregation,Self-Supervised,VVS
14.394664039191477,15.015469174659723,36.43532193160558,11.63224998135067,encode_2,ResNet18,Instance Recognition,Self-Supervised,VVS
16.385412583730652,23.958246486931145,49.77379501397766,17.765204449825116,encode_3,ResNet18,Instance Recognition,Self-Supervised,VVS
14.44913481652782,20.477307608157478,51.53790771014933,16.012918907267444,encode_4,ResNet18,Instance Recognition,Self-Supervised,VVS
18.355036390946154,24.220859849797097,53.87238092678436,18.03107564600539,encode_5,ResNet18,Instance Recognition,Self-Supervised,VVS
19.68709227590335,12.681147376059922,38.4600747524561,13.177627606594458,encode_6,ResNet18,Instance Recognition,Self-Supervised,VVS
26.92469644161513,12.956260232868582,37.209416715462936,14.372751726119995,encode_7,ResNet18,Instance Recognition,Self-Supervised,VVS
22.90260884834985,9.766672767807616,24.926836360712812,11.069953277953156,encode_8,ResNet18,Instance Recognition,Self-Supervised,VVS
16.553205842149744,12.777953399389268,27.301611137993994,10.509877842924514,encode_9,ResNet18,Instance Recognition,Self-Supervised,VVS
6.05561546198174,7.992128505796912,20.63574465109301,5.785261787189491,encode_2,ResNet18,Auto-Encoder,Self-Supervised,VVS
5.642800352677265,8.841362459070476,21.734465171841396,6.054273401026498,encode_3,ResNet18,Auto-Encoder,Self-Supervised,VVS
5.431912762610269,10.865809790993183,23.116334229259206,6.84826804678161,encode_4,ResNet18,Auto-Encoder,Self-Supervised,VVS
5.455253612845425,11.51777803907355,23.553805918190925,6.79038023942317,encode_5,ResNet18,Auto-Encoder,Self-Supervised,VVS
5.496960046393575,12.138072734992408,24.216396352070042,7.504589058756697,encode_6,ResNet18,Auto-Encoder,Self-Supervised,VVS
5.44443115398404,12.808617560571484,24.849829886865635,7.01447512268214,encode_7,ResNet18,Auto-Encoder,Self-Supervised,VVS
5.14308448531969,10.507466928858022,23.205725854590966,6.737309210811219,encode_8,ResNet18,Auto-Encoder,Self-Supervised,VVS
5.001683095321001,15.532717736710927,27.728862147938834,7.837374086744082,encode_9,ResNet18,Auto-Encoder,Self-Supervised,VVS
15.684679286882467,16.467938599293863,37.351521565815474,11.501385568796,encode_2,ResNet18,Contrastive Predictive Coding,Self-Supervised,VVS
14.524576644875129,16.595730957323163,40.604311088186456,11.266620719652686,encode_3,ResNet18,Contrastive Predictive Coding,Self-Supervised,VVS
14.182912385364832,15.653746641779732,40.62301928352141,10.548943297296196,encode_4,ResNet18,Contrastive Predictive Coding,Self-Supervised,VVS
13.915128769512258,15.350384533295886,40.79379444335182,13.10965665447187,encode_5,ResNet18,Contrastive Predictive Coding,Self-Supervised,VVS
13.389423357411284,16.98472221660016,37.38848953719482,14.144873912302666,encode_6,ResNet18,Contrastive Predictive Coding,Self-Supervised,VVS
13.239104147885543,24.01586160749079,34.80027181762955,15.200118186065735,encode_7,ResNet18,Contrastive Predictive Coding,Self-Supervised,VVS
9.762656143176214,12.774728565379563,24.843562732144783,7.773455963582314,encode_8,ResNet18,Contrastive Predictive Coding,Self-Supervised,VVS
8.364873405166495,6.088784359109592,10.819656134473256,3.0158399509730174,encode_9,ResNet18,Contrastive Predictive Coding,Self-Supervised,VVS
10.997648119375539,17.161978531585863,37.33412856218391,12.491559798046938,encode_2,ResNet18,Colorization,Self-Supervised,VVS
12.2647105713637,19.539593910478235,46.342986252658505,16.444333008072306,encode_3,ResNet18,Colorization,Self-Supervised,VVS
11.612615886344104,22.71583435106091,54.95089119895074,17.80871451040052,encode_4,ResNet18,Colorization,Self-Supervised,VVS
12.461030745231172,23.266888152698957,55.45502586123414,18.020312930780523,encode_5,ResNet18,Colorization,Self-Supervised,VVS
13.008004892088817,20.25051002952362,53.93107237938506,17.837759524924884,encode_6,ResNet18,Colorization,Self-Supervised,VVS
15.324349630946704,13.002904885690036,44.31460483816377,15.40618680535743,encode_7,ResNet18,Colorization,Self-Supervised,VVS
16.27593937612301,9.534696332811807,31.26638384080408,9.269807000325857,encode_8,ResNet18,Colorization,Self-Supervised,VVS
15.417235537096927,8.231477866360178,26.568719960113263,7.7747445915569235,encode_9,ResNet18,Colorization,Self-Supervised,VVS
10.946370236070246,15.034534257025776,34.24944216342345,10.905012451026797,encode_2,ResNet18,Relative Position,Self-Supervised,VVS
15.095569703723788,18.37535816407856,38.55765504864084,11.867302367499853,encode_3,ResNet18,Relative Position,Self-Supervised,VVS
15.132914145693443,15.786211829568948,42.98951708996128,14.212919564301467,encode_4,ResNet18,Relative Position,Self-Supervised,VVS
14.391783032257713,16.148348285738102,46.75959773951327,15.376959349941385,encode_5,ResNet18,Relative Position,Self-Supervised,VVS
11.92970663870035,12.886267645356916,40.49190321541095,14.25358600518469,encode_6,ResNet18,Relative Position,Self-Supervised,VVS
12.12656822829772,13.353034530377528,41.05101086681734,13.741856237494531,encode_7,ResNet18,Relative Position,Self-Supervised,VVS
14.734822671182842,10.533409817750705,28.235015981967408,10.122443660450859,encode_8,ResNet18,Relative Position,Self-Supervised,VVS
15.103319612962569,9.842601315611176,28.693261814364337,10.850202511971547,encode_9,ResNet18,Relative Position,Self-Supervised,VVS
9.19916319709508,13.874776974815171,31.327615634521745,9.637655854365763,encode_2,ResNet18,Depth Prediction,Supervised,VVS
9.237710993445654,19.876417212325343,42.77307699837213,15.285688020979645,encode_3,ResNet18,Depth Prediction,Supervised,VVS
9.656804703850392,30.324188642051986,57.4355225721393,23.053608175216244,encode_4,ResNet18,Depth Prediction,Supervised,VVS
9.249986049076641,24.1185353126889,54.77933468048806,20.976915030962534,encode_5,ResNet18,Depth Prediction,Supervised,VVS
8.291564717660323,20.162439567336097,46.37207545304263,18.18798330350971,encode_6,ResNet18,Depth Prediction,Supervised,VVS
8.74595731287626,21.130344871494632,43.88031929178943,15.71932001027448,encode_7,ResNet18,Depth Prediction,Supervised,VVS
9.18997181639087,18.776970934882158,33.844276866458806,10.909234525985436,encode_8,ResNet18,Depth Prediction,Supervised,VVS
9.580563267516053,19.022960377778862,30.977888702326574,9.069097029461803,encode_9,ResNet18,Depth Prediction,Supervised,VVS
15.635029759530783,13.358002886689103,37.72068835327117,11.859319475070462,encode_2,ResNet18,SimCLR,Self-Supervised,VVS
20.894312363859882,20.990528230369954,52.620588306130195,17.72836924098458,encode_3,ResNet18,SimCLR,Self-Supervised,VVS
17.763520585777485,29.771527429200557,56.53932379388828,17.41079288536707,encode_4,ResNet18,SimCLR,Self-Supervised,VVS
23.935411335401493,29.539509132453826,57.69461111468741,17.416669553594396,encode_5,ResNet18,SimCLR,Self-Supervised,VVS
21.836333787630288,15.787211513880852,44.7699908680361,15.279486425424704,encode_6,ResNet18,SimCLR,Self-Supervised,VVS
26.581930173922924,12.272423097648643,41.64431955724162,15.194785911427584,encode_7,ResNet18,SimCLR,Self-Supervised,VVS
22.098453344820058,11.133860361470582,29.47512998769189,12.126324232289937,encode_8,ResNet18,SimCLR,Self-Supervised,VVS
18.106922614204667,8.584196199399637,24.77557478760797,9.770000805629229,encode_9,ResNet18,SimCLR,Self-Supervised,VVS
11.012074354283948,22.374404195777593,40.16257642407043,15.735511059497053,layer1.0.relu,ResNet18,Deep Cluster,Self-Supervised,VVS
11.012430736839837,24.390559796816625,47.28783275378503,17.265320082548087,layer1.1.relu,ResNet18,Deep Cluster,Self-Supervised,VVS
11.792359211472936,23.35748788582549,51.54156209913181,15.26199541550888,layer2.0.relu,ResNet18,Deep Cluster,Self-Supervised,VVS
11.587065209651906,26.855397099757855,54.84786034456247,16.960824261068158,layer2.1.relu,ResNet18,Deep Cluster,Self-Supervised,VVS
12.444622910426308,14.723709698003606,40.09751228004036,14.67803944574593,layer3.0.relu,ResNet18,Deep Cluster,Self-Supervised,VVS
12.715615920377031,16.343446475375988,36.48468009277015,17.202646172737644,layer3.1.relu,ResNet18,Deep Cluster,Self-Supervised,VVS
12.426495344674994,11.731808307246757,25.17604275770615,12.340653000254951,layer4.0.relu,ResNet18,Deep Cluster,Self-Supervised,VVS
12.868071604638532,13.05684535122293,28.450823871648513,10.61516723746938,layer4.1.relu,ResNet18,Deep Cluster,Self-Supervised,VVS
19.926682953016652,17.017201257521066,40.0135036229194,13.334218971791515,layer1.0.relu,ResNet18,Contrastive Multiview Coding,Self-Supervised,VVS
20.91720474692092,23.9418883893223,54.79192902400194,16.09792389620472,layer1.1.relu,ResNet18,Contrastive Multiview Coding,Self-Supervised,VVS
19.922633216071713,20.789680444175513,50.97487380913509,13.783559507681083,layer2.0.relu,ResNet18,Contrastive Multiview Coding,Self-Supervised,VVS
21.70088999254745,25.542380663637502,55.01021261561461,16.92780385267412,layer2.1.relu,ResNet18,Contrastive Multiview Coding,Self-Supervised,VVS
18.546702264723432,17.052918248198647,43.42841309379187,15.428919681872053,layer3.0.relu,ResNet18,Contrastive Multiview Coding,Self-Supervised,VVS
23.90571848412147,13.810489678399497,40.33583365066983,15.201163220753028,layer3.1.relu,ResNet18,Contrastive Multiview Coding,Self-Supervised,VVS
21.62203715542738,10.691467622248734,26.55561121957736,9.569561297693554,layer4.0.relu,ResNet18,Contrastive Multiview Coding,Self-Supervised,VVS
13.20851177826567,8.644072574926202,20.508802329658476,8.162758084417561,layer4.1.relu,ResNet18,Contrastive Multiview Coding,Self-Supervised,VVS
9.044168108601706,7.824334629006646,20.79402356861254,6.072471846160945,layer1.0.relu,ResNet50,Auto-Encoder,Self-Supervised,Taskonomy
8.098699993428873,6.599281263664337,20.00789431510126,5.999579156495982,layer1.1.relu,ResNet50,Auto-Encoder,Self-Supervised,Taskonomy
6.711238414858858,8.299528661914872,17.6771919153966,5.330520541119241,layer1.2.relu,ResNet50,Auto-Encoder,Self-Supervised,Taskonomy
5.896268371823189,7.728004549421223,13.615578414335948,4.2743002967979065,layer2.0.relu,ResNet50,Auto-Encoder,Self-Supervised,Taskonomy
5.892243741999587,7.336303933250771,13.128571957438261,4.176372720713561,layer2.1.relu,ResNet50,Auto-Encoder,Self-Supervised,Taskonomy
5.884459593980364,6.663974101321034,12.998433111758278,4.067466131967952,layer2.2.relu,ResNet50,Auto-Encoder,Self-Supervised,Taskonomy
5.756216212028024,6.966633849331658,13.542210812541887,4.205154777501371,layer2.3.relu,ResNet50,Auto-Encoder,Self-Supervised,Taskonomy
5.791415211374487,6.3558242887646905,13.07752679236143,3.7254971612151735,layer3.0.relu,ResNet50,Auto-Encoder,Self-Supervised,Taskonomy
6.630679114638416,6.1979722386679565,12.124060708545846,3.4099839021010276,layer3.1.relu,ResNet50,Auto-Encoder,Self-Supervised,Taskonomy
7.081484791476613,7.886877659380537,10.990466660021946,3.0388506623550864,layer3.2.relu,ResNet50,Auto-Encoder,Self-Supervised,Taskonomy
7.205340999984629,8.599334728656395,10.202984436600458,2.959605457667905,layer3.3.relu,ResNet50,Auto-Encoder,Self-Supervised,Taskonomy
7.204868095313509,8.798452713806096,10.146703398912143,3.025853819948252,layer3.4.relu,ResNet50,Auto-Encoder,Self-Supervised,Taskonomy
7.202462423650056,8.133830068486782,10.39630583742026,2.750400558362217,layer3.5.relu,ResNet50,Auto-Encoder,Self-Supervised,Taskonomy
6.381299941855392,6.1019099262712,11.229779573006066,3.6340963192580986,layer4.0.relu,ResNet50,Auto-Encoder,Self-Supervised,Taskonomy
6.7728407014594865,7.062120985154559,9.672045038740372,3.122981265915078,layer4.1.relu,ResNet50,Auto-Encoder,Self-Supervised,Taskonomy
6.904215932625029,7.341571549362361,8.833046057802793,2.548614850919091,layer4.2.relu,ResNet50,Auto-Encoder,Self-Supervised,Taskonomy
11.841172641561123,14.139746422362363,31.526835191195413,10.150195434393263,layer1.0.relu,ResNet50,Curvature Estimation,Supervised,Taskonomy
11.782323565697382,18.01266270911263,30.402698490790094,9.544508613345823,layer1.1.relu,ResNet50,Curvature Estimation,Supervised,Taskonomy
12.243973578526642,16.356170626469165,29.385185274113887,9.02466052334554,layer1.2.relu,ResNet50,Curvature Estimation,Supervised,Taskonomy
11.037320124061317,12.443696362884083,24.599431188960697,8.435543678743256,layer2.0.relu,ResNet50,Curvature Estimation,Supervised,Taskonomy
10.808129078430246,9.688159447064104,21.655215182704595,7.052185416671749,layer2.1.relu,ResNet50,Curvature Estimation,Supervised,Taskonomy
9.912749050098734,9.487920074342847,18.26713882144654,6.513720700189573,layer2.2.relu,ResNet50,Curvature Estimation,Supervised,Taskonomy
9.54750779412748,10.524978787337428,17.292263211105315,6.861621530988023,layer2.3.relu,ResNet50,Curvature Estimation,Supervised,Taskonomy
8.729845112750558,9.861032514663185,11.494214138736611,3.6555692456373157,layer3.0.relu,ResNet50,Curvature Estimation,Supervised,Taskonomy
8.192628053816351,9.575479900423344,9.653540405137617,3.1476824104154293,layer3.1.relu,ResNet50,Curvature Estimation,Supervised,Taskonomy
7.6418688159901285,9.855325860775569,9.410481861510315,3.174659289884103,layer3.2.relu,ResNet50,Curvature Estimation,Supervised,Taskonomy
7.455270929796141,9.832563449107464,9.448631401785944,3.305727198824231,layer3.3.relu,ResNet50,Curvature Estimation,Supervised,Taskonomy
7.355319142840135,9.718944764325006,9.70116535409452,3.5764224863144087,layer3.4.relu,ResNet50,Curvature Estimation,Supervised,Taskonomy
7.284350174733965,10.044795666400098,9.941896601836389,3.7446777411580983,layer3.5.relu,ResNet50,Curvature Estimation,Supervised,Taskonomy
7.013161851922615,10.384455801420229,10.279479562959402,4.125043819189922,layer4.0.relu,ResNet50,Curvature Estimation,Supervised,Taskonomy
6.649934328573577,10.018811857467973,10.295837092641046,4.599469594527901,layer4.1.relu,ResNet50,Curvature Estimation,Supervised,Taskonomy
6.562356244561716,10.028356923623125,10.370897758458717,4.835640478391439,layer4.2.relu,ResNet50,Curvature Estimation,Supervised,Taskonomy
7.512313912030973,8.056458267948928,20.122952292877056,5.803997842960119,layer1.0.relu,ResNet50,Denoising,Self-Supervised,Taskonomy
6.910017718436928,7.591334629249114,19.647457501168446,5.584473538503149,layer1.1.relu,ResNet50,Denoising,Self-Supervised,Taskonomy
6.233077168784383,8.900616995138208,16.872702231214635,4.610449087989372,layer1.2.relu,ResNet50,Denoising,Self-Supervised,Taskonomy
6.017215113239576,8.829436826821976,13.180299598481847,3.4513067820069416,layer2.0.relu,ResNet50,Denoising,Self-Supervised,Taskonomy
6.070303882410833,8.519245397566529,11.901324425032078,3.196669142052907,layer2.1.relu,ResNet50,Denoising,Self-Supervised,Taskonomy
6.012074984543824,7.656788238879296,11.620475653595172,3.0771539679941946,layer2.2.relu,ResNet50,Denoising,Self-Supervised,Taskonomy
5.961451625704639,7.105238573834871,11.347120468560185,3.046622873582157,layer2.3.relu,ResNet50,Denoising,Self-Supervised,Taskonomy
5.656114258108411,7.29397194009115,12.779921100571848,4.167107676225428,layer3.0.relu,ResNet50,Denoising,Self-Supervised,Taskonomy
6.13098508737943,7.497883436079097,14.020609279776433,4.242190423635441,layer3.1.relu,ResNet50,Denoising,Self-Supervised,Taskonomy
6.452036621800469,7.561548514890205,14.055063390257821,4.132888691073058,layer3.2.relu,ResNet50,Denoising,Self-Supervised,Taskonomy
6.530800275424546,7.843920735580168,14.048839713270125,4.073746382789054,layer3.3.relu,ResNet50,Denoising,Self-Supervised,Taskonomy
6.524355141417645,7.706299688528397,13.959901021908314,3.9760681364773967,layer3.4.relu,ResNet50,Denoising,Self-Supervised,Taskonomy
6.682517625584283,7.763971261182782,13.982421907239848,4.060379626249681,layer3.5.relu,ResNet50,Denoising,Self-Supervised,Taskonomy
8.951701627993735,6.888375970499286,11.802005241812198,3.4065179093110203,layer4.0.relu,ResNet50,Denoising,Self-Supervised,Taskonomy
9.502284233057493,6.3950353738878505,10.907113443515534,3.131622272973838,layer4.1.relu,ResNet50,Denoising,Self-Supervised,Taskonomy
10.079591984069934,6.05859769831722,10.320291472714773,3.0293106822377007,layer4.2.relu,ResNet50,Denoising,Self-Supervised,Taskonomy
7.001548048722411,23.06197184328818,33.07398625964354,11.07752335033868,layer1.0.relu,ResNet50,Edge Detection (2D),Supervised,Taskonomy
6.6175075966082,26.486248266244022,36.46000062640397,12.81617789602908,layer1.1.relu,ResNet50,Edge Detection (2D),Supervised,Taskonomy
6.2870848906902985,32.19217625716808,37.708934052948,11.141838477845903,layer1.2.relu,ResNet50,Edge Detection (2D),Supervised,Taskonomy
5.9647062983094585,27.280266998046855,36.29987273137591,12.965349650631884,layer2.0.relu,ResNet50,Edge Detection (2D),Supervised,Taskonomy
6.00378692265285,26.275060071140718,38.42238736184714,12.653725964251121,layer2.1.relu,ResNet50,Edge Detection (2D),Supervised,Taskonomy
5.988743457030482,27.26822747029072,40.11408379700322,13.295257656829229,layer2.2.relu,ResNet50,Edge Detection (2D),Supervised,Taskonomy
5.512024977250721,31.812107695598176,46.53828007577788,14.539881976838924,layer2.3.relu,ResNet50,Edge Detection (2D),Supervised,Taskonomy
5.841520375420373,31.14924427889155,49.35030156877994,15.989529012569065,layer3.0.relu,ResNet50,Edge Detection (2D),Supervised,Taskonomy
5.85261806788999,31.760182753409165,49.69614313171149,16.65017110457184,layer3.1.relu,ResNet50,Edge Detection (2D),Supervised,Taskonomy
5.883051720231261,32.04860492263985,49.54623967681699,16.561999719246806,layer3.2.relu,ResNet50,Edge Detection (2D),Supervised,Taskonomy
5.886775355772301,32.13521808549022,49.499589291150016,16.508966106368415,layer3.3.relu,ResNet50,Edge Detection (2D),Supervised,Taskonomy
5.85810799842293,31.180242323236104,49.6783386579451,16.207027445481927,layer3.4.relu,ResNet50,Edge Detection (2D),Supervised,Taskonomy
5.763998187916692,31.417420687726267,50.810781251891115,16.682576786836442,layer3.5.relu,ResNet50,Edge Detection (2D),Supervised,Taskonomy
5.84807848448505,25.168891200189215,39.78301158361831,13.117202841270524,layer4.0.relu,ResNet50,Edge Detection (2D),Supervised,Taskonomy
5.848817876251043,25.36457836209674,38.528913577337704,12.247707925328076,layer4.1.relu,ResNet50,Edge Detection (2D),Supervised,Taskonomy
5.7072255352308625,25.910847082609987,38.30266806218134,12.276801935721187,layer4.2.relu,ResNet50,Edge Detection (2D),Supervised,Taskonomy
12.209893510220086,16.965089849012685,33.14439880977883,10.663343647809228,layer1.0.relu,ResNet50,Edge Detection (3D),Supervised,Taskonomy
12.641413582198986,17.04552615545579,32.866066130032664,11.228486371603857,layer1.1.relu,ResNet50,Edge Detection (3D),Supervised,Taskonomy
12.33380501907011,16.3530545082319,31.441230029097227,9.274271673868167,layer1.2.relu,ResNet50,Edge Detection (3D),Supervised,Taskonomy
12.739716810045223,17.972828555116706,30.062902781730468,9.945186379124555,layer2.0.relu,ResNet50,Edge Detection (3D),Supervised,Taskonomy
12.702992962780492,18.909007411444257,30.307237539551082,10.693515038137896,layer2.1.relu,ResNet50,Edge Detection (3D),Supervised,Taskonomy
12.088173615015673,15.906538947231887,26.95753389183614,10.093511980376027,layer2.2.relu,ResNet50,Edge Detection (3D),Supervised,Taskonomy
11.940099350561786,14.807867588556668,26.145050197417387,9.074286069367284,layer2.3.relu,ResNet50,Edge Detection (3D),Supervised,Taskonomy
11.200144640042442,12.430945847097492,22.578505040361648,8.375344147250221,layer3.0.relu,ResNet50,Edge Detection (3D),Supervised,Taskonomy
10.972805768455169,11.586266979221406,21.4681801490596,7.460203285391699,layer3.1.relu,ResNet50,Edge Detection (3D),Supervised,Taskonomy
10.65785623564937,11.675294599839868,21.087489201893213,7.565692115785003,layer3.2.relu,ResNet50,Edge Detection (3D),Supervised,Taskonomy
10.828480052242302,11.863512765215766,21.81076915832052,7.8720058658750505,layer3.3.relu,ResNet50,Edge Detection (3D),Supervised,Taskonomy
10.984472910850123,11.663309389493081,22.081844956209952,8.024564629439556,layer3.4.relu,ResNet50,Edge Detection (3D),Supervised,Taskonomy
10.962293944185468,12.078321234178812,21.939907808558328,8.236725475805956,layer3.5.relu,ResNet50,Edge Detection (3D),Supervised,Taskonomy
10.432878690847899,12.756991349146759,20.004163526277488,7.361664445161762,layer4.0.relu,ResNet50,Edge Detection (3D),Supervised,Taskonomy
11.238327720520017,8.185116720206782,17.911779388075676,7.842487389217778,layer4.1.relu,ResNet50,Edge Detection (3D),Supervised,Taskonomy
11.167763076269713,7.584461513904284,16.322093419330578,7.6955183581399105,layer4.2.relu,ResNet50,Edge Detection (3D),Supervised,Taskonomy
11.19669218989172,15.289213483906325,28.0667671851239,9.150969893167064,layer1.0.relu,ResNet50,Egomotion,Supervised,Taskonomy
11.312738556134919,13.614598830876213,29.538696309824985,10.194058371302916,layer1.1.relu,ResNet50,Egomotion,Supervised,Taskonomy
10.249141490501156,16.224334446172044,29.781138757540308,10.022535212329952,layer1.2.relu,ResNet50,Egomotion,Supervised,Taskonomy
10.291746608800468,15.801400337704779,29.42118229293708,9.367297830674344,layer2.0.relu,ResNet50,Egomotion,Supervised,Taskonomy
10.07147667412356,14.468383925259072,28.650764925202026,8.806746401575056,layer2.1.relu,ResNet50,Egomotion,Supervised,Taskonomy
10.30469657739323,14.14038190379505,28.350441986231434,8.69571358377138,layer2.2.relu,ResNet50,Egomotion,Supervised,Taskonomy
10.154578809049841,14.14803093338524,27.715408943290722,8.560851401727955,layer2.3.relu,ResNet50,Egomotion,Supervised,Taskonomy
10.786471394274267,13.338092322126338,28.654357075433122,9.2689806281844,layer3.0.relu,ResNet50,Egomotion,Supervised,Taskonomy
10.57384806832755,14.175891660748263,28.777013721311185,9.957038225278257,layer3.1.relu,ResNet50,Egomotion,Supervised,Taskonomy
10.1140574002904,14.651835076942342,29.87071577921297,10.539102844165786,layer3.2.relu,ResNet50,Egomotion,Supervised,Taskonomy
9.960096949955634,14.636103968531067,30.397468586542182,10.536913403412818,layer3.3.relu,ResNet50,Egomotion,Supervised,Taskonomy
10.13318699434941,15.356723668938583,30.91285155575439,10.60696453794351,layer3.4.relu,ResNet50,Egomotion,Supervised,Taskonomy
10.069099581873045,15.9866061468862,31.374942720145018,11.39099864567226,layer3.5.relu,ResNet50,Egomotion,Supervised,Taskonomy
10.27518789430135,15.140881671689066,28.7110928910192,10.202448317157428,layer4.0.relu,ResNet50,Egomotion,Supervised,Taskonomy
9.93304960944527,13.590836802548722,28.619982383399673,10.264318980449902,layer4.1.relu,ResNet50,Egomotion,Supervised,Taskonomy
9.829467711518012,9.29885967797234,28.767666291565273,10.619404486185095,layer4.2.relu,ResNet50,Egomotion,Supervised,Taskonomy
10.911049160918289,15.398114012289668,27.10980071854138,7.750483353007803,layer1.0.relu,ResNet50,Fixated Pose Estimation,Supervised,Taskonomy
10.497282264849169,17.95952586157049,25.72499152467826,7.345332603732132,layer1.1.relu,ResNet50,Fixated Pose Estimation,Supervised,Taskonomy
10.30281563505776,15.063097076593861,28.19177318265916,9.643244063956333,layer1.2.relu,ResNet50,Fixated Pose Estimation,Supervised,Taskonomy
10.199801269161672,15.04999303945595,26.585073569576394,8.414802821066484,layer2.0.relu,ResNet50,Fixated Pose Estimation,Supervised,Taskonomy
10.053134699314349,14.155595789803483,26.74018973239038,8.476741039924823,layer2.1.relu,ResNet50,Fixated Pose Estimation,Supervised,Taskonomy
9.902769042801873,13.518927682312885,25.157777567781853,7.746207720616928,layer2.2.relu,ResNet50,Fixated Pose Estimation,Supervised,Taskonomy
9.798810685145407,13.612603470579314,24.55107984112291,8.033832126156097,layer2.3.relu,ResNet50,Fixated Pose Estimation,Supervised,Taskonomy
10.184218200066413,10.897982782950148,24.303374753528946,8.464827884498794,layer3.0.relu,ResNet50,Fixated Pose Estimation,Supervised,Taskonomy
10.208769887975631,10.17078888080318,24.532716080370992,8.032781732369449,layer3.1.relu,ResNet50,Fixated Pose Estimation,Supervised,Taskonomy
10.076249832142326,9.102249645941827,25.04169162977255,7.87309824119771,layer3.2.relu,ResNet50,Fixated Pose Estimation,Supervised,Taskonomy
10.211168118363336,8.969409465816023,25.141412492841397,7.937362511488261,layer3.3.relu,ResNet50,Fixated Pose Estimation,Supervised,Taskonomy
10.136477693680561,8.75285461459493,25.811761190590037,8.0857469509248,layer3.4.relu,ResNet50,Fixated Pose Estimation,Supervised,Taskonomy
9.878753346111877,8.519245022138922,26.43292376199195,8.114324697114677,layer3.5.relu,ResNet50,Fixated Pose Estimation,Supervised,Taskonomy
9.892875280765063,9.063399656789297,25.457332889615955,7.763594563794987,layer4.0.relu,ResNet50,Fixated Pose Estimation,Supervised,Taskonomy
9.961995777200931,9.32597976097952,24.650727642884572,7.143656032448785,layer4.1.relu,ResNet50,Fixated Pose Estimation,Supervised,Taskonomy
9.956209693183183,9.505603846256571,24.650957859826168,7.31148626277615,layer4.2.relu,ResNet50,Fixated Pose Estimation,Supervised,Taskonomy
11.62204886584797,14.138682476156106,33.79864654165597,11.293230990941689,layer1.0.relu,ResNet50,Jigsaw,Self-Supervised,Taskonomy
11.798016986739588,14.394842256256698,37.26755408897324,12.515168822919406,layer1.1.relu,ResNet50,Jigsaw,Self-Supervised,Taskonomy
12.666316937033523,15.982347312274973,40.08239671462056,13.024223659912648,layer1.2.relu,ResNet50,Jigsaw,Self-Supervised,Taskonomy
13.108765805244925,17.324112148493516,43.293393227139234,13.443033747035154,layer2.0.relu,ResNet50,Jigsaw,Self-Supervised,Taskonomy
14.04888929927091,17.684366583648238,44.919399234412424,13.516461692545402,layer2.1.relu,ResNet50,Jigsaw,Self-Supervised,Taskonomy
15.167193261194493,17.928280567178017,43.59158696365249,12.764825621621613,layer2.2.relu,ResNet50,Jigsaw,Self-Supervised,Taskonomy
14.363223197159991,19.55408953204268,40.37857302196571,12.658822665362415,layer2.3.relu,ResNet50,Jigsaw,Self-Supervised,Taskonomy
11.539426257560056,16.354338637852614,31.861787293320393,11.203021156483059,layer3.0.relu,ResNet50,Jigsaw,Self-Supervised,Taskonomy
11.58263626459763,17.218043022633577,32.19397851023408,11.187997162270818,layer3.1.relu,ResNet50,Jigsaw,Self-Supervised,Taskonomy
11.67108645672085,18.498691267956776,31.770886029948088,10.745790856428375,layer3.2.relu,ResNet50,Jigsaw,Self-Supervised,Taskonomy
11.005171185439872,18.179766827687924,30.740350110558246,9.60524897612933,layer3.3.relu,ResNet50,Jigsaw,Self-Supervised,Taskonomy
10.903440869489279,16.862411005338828,30.099076172288104,9.44186317846959,layer3.4.relu,ResNet50,Jigsaw,Self-Supervised,Taskonomy
10.825343704589534,21.143885938473137,31.350859272643024,9.853973019247494,layer3.5.relu,ResNet50,Jigsaw,Self-Supervised,Taskonomy
11.228653100363038,15.311427113841495,20.887929481025893,5.7576426539520735,layer4.0.relu,ResNet50,Jigsaw,Self-Supervised,Taskonomy
11.153022727246073,16.355478932819345,20.772621841054058,5.35814760523732,layer4.1.relu,ResNet50,Jigsaw,Self-Supervised,Taskonomy
11.16830616231592,16.148713408026037,20.829075589714595,5.642675842151112,layer4.2.relu,ResNet50,Jigsaw,Self-Supervised,Taskonomy
7.173100669554365,7.409943303355581,22.132848701467893,5.861959962774324,layer1.0.relu,ResNet50,Keypoint Detection (2D),Supervised,Taskonomy
6.915715601622512,7.853395826829037,24.081268585036156,6.397188456109304,layer1.1.relu,ResNet50,Keypoint Detection (2D),Supervised,Taskonomy
6.577075448991143,9.103304053551813,25.06445505140981,7.263576145632486,layer1.2.relu,ResNet50,Keypoint Detection (2D),Supervised,Taskonomy
6.8499704243550426,6.79193857064006,20.246195112466143,6.129208669281739,layer2.0.relu,ResNet50,Keypoint Detection (2D),Supervised,Taskonomy
7.180659071384842,6.288150258080685,18.60396100272326,5.790351507997726,layer2.1.relu,ResNet50,Keypoint Detection (2D),Supervised,Taskonomy
7.512015135875083,6.066526114675846,17.222204874315523,5.434701008662581,layer2.2.relu,ResNet50,Keypoint Detection (2D),Supervised,Taskonomy
7.813501417085393,6.616861583560724,17.806991098009647,6.082342946649315,layer2.3.relu,ResNet50,Keypoint Detection (2D),Supervised,Taskonomy
8.694602318635727,6.07062188710548,12.794206989747611,4.455754537220431,layer3.0.relu,ResNet50,Keypoint Detection (2D),Supervised,Taskonomy
9.205709031025254,5.916387133736943,11.625366614564065,4.247157566522842,layer3.1.relu,ResNet50,Keypoint Detection (2D),Supervised,Taskonomy
9.112961744706263,6.052209831443379,12.134569167275401,4.375970012871165,layer3.2.relu,ResNet50,Keypoint Detection (2D),Supervised,Taskonomy
9.134495479990957,6.091617428152438,12.102691535200945,4.373714542664112,layer3.3.relu,ResNet50,Keypoint Detection (2D),Supervised,Taskonomy
8.671035906441348,6.1216021056413235,12.96942275469032,4.559897831099948,layer3.4.relu,ResNet50,Keypoint Detection (2D),Supervised,Taskonomy
8.543468548748098,6.244579039114351,13.736107529357396,4.850704745342668,layer3.5.relu,ResNet50,Keypoint Detection (2D),Supervised,Taskonomy
7.472732938445867,8.084459828633223,14.8626075465751,5.409926279035718,layer4.0.relu,ResNet50,Keypoint Detection (2D),Supervised,Taskonomy
7.4979286132437934,8.56626621559684,15.11169471241335,5.424397499107611,layer4.1.relu,ResNet50,Keypoint Detection (2D),Supervised,Taskonomy
7.50589329599724,8.727208059233735,15.090361907216685,5.756216992410397,layer4.2.relu,ResNet50,Keypoint Detection (2D),Supervised,Taskonomy
12.581293221327192,16.993169526021916,32.93435355918349,11.426842705779366,layer1.0.relu,ResNet50,Keypoint Detection (3D),Supervised,Taskonomy
12.75566323902769,18.383951856439523,33.37295033097572,10.14969773532328,layer1.1.relu,ResNet50,Keypoint Detection (3D),Supervised,Taskonomy
12.547731898205718,19.749749733974568,34.80073333623247,10.76343742996393,layer1.2.relu,ResNet50,Keypoint Detection (3D),Supervised,Taskonomy
12.400346691780177,17.42697148438183,30.23820747801364,10.258478741069506,layer2.0.relu,ResNet50,Keypoint Detection (3D),Supervised,Taskonomy
12.426852597834866,14.558120832279721,27.393972525950616,9.735656597451246,layer2.1.relu,ResNet50,Keypoint Detection (3D),Supervised,Taskonomy
12.527547288562555,13.655201349237878,27.391652353561767,9.28991526249161,layer2.2.relu,ResNet50,Keypoint Detection (3D),Supervised,Taskonomy
12.52193672418554,14.563041501689522,27.035991308951488,9.193649921269316,layer2.3.relu,ResNet50,Keypoint Detection (3D),Supervised,Taskonomy
11.55014443981882,10.604063266670591,20.82038169711716,7.282475068051775,layer3.0.relu,ResNet50,Keypoint Detection (3D),Supervised,Taskonomy
11.585153691749843,11.02105367709493,20.72583011559707,7.0241276873480265,layer3.1.relu,ResNet50,Keypoint Detection (3D),Supervised,Taskonomy
11.099788523309497,10.960357383741208,20.271302129028772,6.952812789350082,layer3.2.relu,ResNet50,Keypoint Detection (3D),Supervised,Taskonomy
10.754922252831442,11.122438913412605,20.433158318942905,7.050200304261172,layer3.3.relu,ResNet50,Keypoint Detection (3D),Supervised,Taskonomy
10.669791795282814,11.376370324810356,20.836201873519535,7.2284921053544196,layer3.4.relu,ResNet50,Keypoint Detection (3D),Supervised,Taskonomy
10.74565879208472,11.678341556521048,21.701624191552014,7.754941410450452,layer3.5.relu,ResNet50,Keypoint Detection (3D),Supervised,Taskonomy
10.826993528208737,12.477654319522735,21.5670190151377,6.90512390784352,layer4.0.relu,ResNet50,Keypoint Detection (3D),Supervised,Taskonomy
10.934722094419334,13.268105541100507,22.87819080245434,7.914568414013019,layer4.1.relu,ResNet50,Keypoint Detection (3D),Supervised,Taskonomy
11.024020568641417,12.994446432003379,22.794444936676108,7.4656668299429345,layer4.2.relu,ResNet50,Keypoint Detection (3D),Supervised,Taskonomy
10.665430347033618,13.92218123914536,25.509694034756386,7.6887814951024165,layer1.0.relu,ResNet50,Non-Fixated Pose Estimation,Supervised,Taskonomy
10.173689012981427,14.900053448314466,25.287979633164326,7.689045796353852,layer1.1.relu,ResNet50,Non-Fixated Pose Estimation,Supervised,Taskonomy
9.901536218628557,13.01262884344033,25.241794144631214,7.828749727339898,layer1.2.relu,ResNet50,Non-Fixated Pose Estimation,Supervised,Taskonomy
10.189903358277023,13.484676973873762,24.218009840909207,7.50707070455816,layer2.0.relu,ResNet50,Non-Fixated Pose Estimation,Supervised,Taskonomy
10.215361919108693,11.930300926507076,23.134683883846638,7.065397969095245,layer2.1.relu,ResNet50,Non-Fixated Pose Estimation,Supervised,Taskonomy
10.091766232018468,11.545234778335148,22.187762440197947,6.7537472237794764,layer2.2.relu,ResNet50,Non-Fixated Pose Estimation,Supervised,Taskonomy
9.735411724078178,10.963241198756606,22.553434536480367,7.007616849466258,layer2.3.relu,ResNet50,Non-Fixated Pose Estimation,Supervised,Taskonomy
9.800641808252335,10.48667416198109,22.550516512887135,7.233627917181784,layer3.0.relu,ResNet50,Non-Fixated Pose Estimation,Supervised,Taskonomy
9.578442681948792,9.889811325210673,22.618982433514365,7.5948041502095345,layer3.1.relu,ResNet50,Non-Fixated Pose Estimation,Supervised,Taskonomy
9.69731027645693,8.823067510501062,21.601689892295312,6.838938551594564,layer3.2.relu,ResNet50,Non-Fixated Pose Estimation,Supervised,Taskonomy
10.071654566090558,7.765621822072697,19.549082781220005,5.508966462440532,layer3.3.relu,ResNet50,Non-Fixated Pose Estimation,Supervised,Taskonomy
10.167084712126284,7.279193769959679,18.859026594251134,5.3535729737020725,layer3.4.relu,ResNet50,Non-Fixated Pose Estimation,Supervised,Taskonomy
10.33049716649227,6.400101441899622,17.427970735684212,5.094371819708489,layer3.5.relu,ResNet50,Non-Fixated Pose Estimation,Supervised,Taskonomy
10.373752949802743,5.652177642418745,13.577120098285445,3.8461535567119727,layer4.0.relu,ResNet50,Non-Fixated Pose Estimation,Supervised,Taskonomy
10.444803126472152,5.778336285256088,13.548697871623538,3.932354218966889,layer4.1.relu,ResNet50,Non-Fixated Pose Estimation,Supervised,Taskonomy
10.617643195910293,6.047450875940932,14.208355193638752,4.036761468677239,layer4.2.relu,ResNet50,Non-Fixated Pose Estimation,Supervised,Taskonomy
11.181622720841645,15.342361266127211,27.906736434019425,8.685691977728343,layer1.0.relu,ResNet50,Point Matching,Supervised,Taskonomy
10.70640291201582,15.23294300445098,26.83658234788813,8.595331830207678,layer1.1.relu,ResNet50,Point Matching,Supervised,Taskonomy
10.976262254137547,13.656015826641815,27.799914898266913,9.331500614537257,layer1.2.relu,ResNet50,Point Matching,Supervised,Taskonomy
10.572310569186437,13.799490856446292,29.312543971145583,10.084186154402238,layer2.0.relu,ResNet50,Point Matching,Supervised,Taskonomy
10.549924822399221,14.883893432010547,29.527548094318245,9.635724207076366,layer2.1.relu,ResNet50,Point Matching,Supervised,Taskonomy
10.177070597271674,13.016073135021964,27.8300741185361,8.706422245524955,layer2.2.relu,ResNet50,Point Matching,Supervised,Taskonomy
9.81705573427987,13.732239961187544,27.455681130089737,9.765563659265185,layer2.3.relu,ResNet50,Point Matching,Supervised,Taskonomy
10.142992358697848,12.021132429528208,24.70707881183419,8.066168705554691,layer3.0.relu,ResNet50,Point Matching,Supervised,Taskonomy
10.015520696771206,11.695507472658512,23.645965273255683,7.676637474300636,layer3.1.relu,ResNet50,Point Matching,Supervised,Taskonomy
9.925609059597143,11.224869266266147,22.63407682703466,7.636931967945479,layer3.2.relu,ResNet50,Point Matching,Supervised,Taskonomy
9.869221092904132,10.918913189085261,21.792323869997134,7.4742016999225385,layer3.3.relu,ResNet50,Point Matching,Supervised,Taskonomy
9.889456478662552,9.39237803681936,20.15857645417481,7.07064289446734,layer3.4.relu,ResNet50,Point Matching,Supervised,Taskonomy
10.19292171939633,10.692072517709134,20.926617668315558,7.615233004454708,layer3.5.relu,ResNet50,Point Matching,Supervised,Taskonomy
9.841414896636334,11.593379676203,18.005254509286118,6.428049420924277,layer4.0.relu,ResNet50,Point Matching,Supervised,Taskonomy
9.848371885502573,11.709701029586316,18.016179922596134,6.547594188423987,layer4.1.relu,ResNet50,Point Matching,Supervised,Taskonomy
9.790428497092087,12.258090805554374,17.978118725898483,6.420462491807687,layer4.2.relu,ResNet50,Point Matching,Supervised,Taskonomy
11.959149882539712,17.042328553651895,32.412318540834534,10.752179565401253,layer1.0.relu,ResNet50,Reshading,Supervised,Taskonomy
12.08680622664091,18.001636760322704,34.712869670480046,10.83718061908808,layer1.1.relu,ResNet50,Reshading,Supervised,Taskonomy
11.614988818550886,17.137812084880153,32.48827429564656,10.520189992279565,layer1.2.relu,ResNet50,Reshading,Supervised,Taskonomy
11.655912602977505,16.020421383232357,31.300192285164986,9.587753626974694,layer2.0.relu,ResNet50,Reshading,Supervised,Taskonomy
11.76932784424335,16.75085070228936,32.55984521262977,10.07237044445596,layer2.1.relu,ResNet50,Reshading,Supervised,Taskonomy
11.963270789844008,16.08783724938252,33.52981089000073,10.802790905569129,layer2.2.relu,ResNet50,Reshading,Supervised,Taskonomy
11.95785496632653,17.34250902709478,32.15267971766278,9.587197799891456,layer2.3.relu,ResNet50,Reshading,Supervised,Taskonomy
11.381639335049819,13.53660737575632,26.12292348791911,8.360023592575116,layer3.0.relu,ResNet50,Reshading,Supervised,Taskonomy
11.323387019009637,14.487064144082845,26.193326275161844,9.093761122142105,layer3.1.relu,ResNet50,Reshading,Supervised,Taskonomy
11.369661815978091,15.516475448260593,26.692496129107845,9.463465152127087,layer3.2.relu,ResNet50,Reshading,Supervised,Taskonomy
11.690011960002932,15.17131016671096,27.021691893533383,9.10860660033467,layer3.3.relu,ResNet50,Reshading,Supervised,Taskonomy
11.607066656485419,16.15746811195122,27.318100409024847,9.259580646521435,layer3.4.relu,ResNet50,Reshading,Supervised,Taskonomy
11.686827139964588,16.5554156605357,28.014584906197978,10.7177259574997,layer3.5.relu,ResNet50,Reshading,Supervised,Taskonomy
12.325200987023035,14.974708382741309,25.9366960788109,9.384538490990852,layer4.0.relu,ResNet50,Reshading,Supervised,Taskonomy
12.516975343260823,13.952400202993259,25.505576835641158,9.518160390012605,layer4.1.relu,ResNet50,Reshading,Supervised,Taskonomy
12.550378285084806,14.534042796361415,24.743429343179468,9.123609450850873,layer4.2.relu,ResNet50,Reshading,Supervised,Taskonomy
11.42391059770695,15.142956778342585,31.920173119332993,9.630899891160887,layer1.0.relu,ResNet50,Depth Estimation (Z-Buffer),Supervised,Taskonomy
10.94576798484195,17.38399646235949,31.462905134788542,10.210443890149355,layer1.1.relu,ResNet50,Depth Estimation (Z-Buffer),Supervised,Taskonomy
11.069251681039368,18.555004877830658,32.81327407562062,10.590630940100304,layer1.2.relu,ResNet50,Depth Estimation (Z-Buffer),Supervised,Taskonomy
11.384579480109723,18.013067920654454,29.431419427070797,9.582214941351156,layer2.0.relu,ResNet50,Depth Estimation (Z-Buffer),Supervised,Taskonomy
11.563440001131307,18.436836128269988,29.181368714132883,9.70499150542567,layer2.1.relu,ResNet50,Depth Estimation (Z-Buffer),Supervised,Taskonomy
11.326119217441246,16.476811478048063,28.54221256300333,12.064019033635919,layer2.2.relu,ResNet50,Depth Estimation (Z-Buffer),Supervised,Taskonomy
11.32062729188394,16.380652122182067,28.42720024222306,11.11250641344863,layer2.3.relu,ResNet50,Depth Estimation (Z-Buffer),Supervised,Taskonomy
10.681242645190649,10.883264923811627,21.7908635506191,8.085929061912287,layer3.0.relu,ResNet50,Depth Estimation (Z-Buffer),Supervised,Taskonomy
10.778653256509337,11.365834665871212,21.172027250697056,7.654345584394901,layer3.1.relu,ResNet50,Depth Estimation (Z-Buffer),Supervised,Taskonomy
10.729758807211141,11.669325434110247,21.01426300957602,7.485238845596983,layer3.2.relu,ResNet50,Depth Estimation (Z-Buffer),Supervised,Taskonomy
10.599426238938106,12.256108108436226,21.25153503810463,7.428987478179714,layer3.3.relu,ResNet50,Depth Estimation (Z-Buffer),Supervised,Taskonomy
10.744657392203862,11.85708943166287,21.140949004929663,7.324117632031821,layer3.4.relu,ResNet50,Depth Estimation (Z-Buffer),Supervised,Taskonomy
10.740645252150276,11.495257820540115,20.998798167412033,7.449942726089122,layer3.5.relu,ResNet50,Depth Estimation (Z-Buffer),Supervised,Taskonomy
11.48367249848161,8.500140091668996,13.065794109194231,3.8271191723332896,layer4.0.relu,ResNet50,Depth Estimation (Z-Buffer),Supervised,Taskonomy
10.675632643638776,6.236611354913124,7.359833315558809,2.253690732741476,layer4.1.relu,ResNet50,Depth Estimation (Z-Buffer),Supervised,Taskonomy
9.98221700133685,5.976015071557376,6.584244808282365,1.686106348235506,layer4.2.relu,ResNet50,Depth Estimation (Z-Buffer),Supervised,Taskonomy
12.013267789598679,17.161680004533068,32.87267910603093,10.464893552712754,layer1.0.relu,ResNet50,Depth Estimation,Supervised,Taskonomy
11.639583947610973,16.903900373854658,31.460723597816337,9.650911423080766,layer1.1.relu,ResNet50,Depth Estimation,Supervised,Taskonomy
11.519252143464028,19.200560536247316,31.972532659310623,9.273255562017628,layer1.2.relu,ResNet50,Depth Estimation,Supervised,Taskonomy
10.914989187889518,15.981081586169902,28.439639646207187,9.425860839238867,layer2.0.relu,ResNet50,Depth Estimation,Supervised,Taskonomy
10.81119002573459,17.953165494307324,28.55654596572701,9.045800716239475,layer2.1.relu,ResNet50,Depth Estimation,Supervised,Taskonomy
11.321108813172597,17.267190077830726,29.11730415441998,10.329397894439715,layer2.2.relu,ResNet50,Depth Estimation,Supervised,Taskonomy
11.350464693521298,17.813523314159845,29.365163139398902,9.938218068590132,layer2.3.relu,ResNet50,Depth Estimation,Supervised,Taskonomy
10.858991256279664,12.310221494042029,22.96007239361333,8.278132231298459,layer3.0.relu,ResNet50,Depth Estimation,Supervised,Taskonomy
10.67873521308993,12.286616689390351,21.527459334630688,7.680173941545407,layer3.1.relu,ResNet50,Depth Estimation,Supervised,Taskonomy
10.638830894667901,12.049011862519466,22.458583219656617,8.247463622236126,layer3.2.relu,ResNet50,Depth Estimation,Supervised,Taskonomy
10.563926682100139,11.821938856596779,22.9107962200063,8.32499718623462,layer3.3.relu,ResNet50,Depth Estimation,Supervised,Taskonomy
10.63807979404494,13.05984581522536,24.041180593485784,8.34178788183064,layer3.4.relu,ResNet50,Depth Estimation,Supervised,Taskonomy
10.49038960530456,13.151512454490431,24.635197022398806,8.823123886928881,layer3.5.relu,ResNet50,Depth Estimation,Supervised,Taskonomy
10.95401205025314,12.626308200425395,21.675077376158676,6.507580210726888,layer4.0.relu,ResNet50,Depth Estimation,Supervised,Taskonomy
10.884452597245138,12.954920667296765,21.863040271369556,6.49783575085485,layer4.1.relu,ResNet50,Depth Estimation,Supervised,Taskonomy
10.784418226916927,13.147075995787423,21.81455691310903,6.605749385441707,layer4.2.relu,ResNet50,Depth Estimation,Supervised,Taskonomy
12.324515452538124,17.481640649592464,34.18988521974631,11.246065724970762,layer1.0.relu,ResNet50,Surface Normals Estimation,Supervised,Taskonomy
12.92792182629454,17.00083151717757,34.63010709486373,10.550303046554095,layer1.1.relu,ResNet50,Surface Normals Estimation,Supervised,Taskonomy
12.526998927814844,17.80167661982089,37.645201079351466,11.990781067246015,layer1.2.relu,ResNet50,Surface Normals Estimation,Supervised,Taskonomy
12.182830936829587,14.465878047998842,31.83889423669752,10.61332133401893,layer2.0.relu,ResNet50,Surface Normals Estimation,Supervised,Taskonomy
12.586485216569173,14.704988131217753,30.846069051511158,10.306116962324303,layer2.1.relu,ResNet50,Surface Normals Estimation,Supervised,Taskonomy
13.028466314633874,14.152221559327273,31.15779802323119,9.826576100276391,layer2.2.relu,ResNet50,Surface Normals Estimation,Supervised,Taskonomy
12.981296253504512,14.90937248489062,31.252144676375586,9.995231685735432,layer2.3.relu,ResNet50,Surface Normals Estimation,Supervised,Taskonomy
12.592590625419119,12.889070405804521,24.962377142101612,7.582302874491787,layer3.0.relu,ResNet50,Surface Normals Estimation,Supervised,Taskonomy
12.321245855610332,12.958142695968165,25.8194829663954,8.318456580037674,layer3.1.relu,ResNet50,Surface Normals Estimation,Supervised,Taskonomy
12.458306182565952,15.401661617160888,26.239001528602497,8.741696996417973,layer3.2.relu,ResNet50,Surface Normals Estimation,Supervised,Taskonomy
12.47222058910469,17.22496663520528,23.863567793933615,8.546115256103535,layer3.3.relu,ResNet50,Surface Normals Estimation,Supervised,Taskonomy
12.61304607874516,12.137782053930144,17.83164132768257,6.557163450398484,layer3.4.relu,ResNet50,Surface Normals Estimation,Supervised,Taskonomy
12.122149391988275,8.287180134306782,13.844700256180504,4.999661841629111,layer3.5.relu,ResNet50,Surface Normals Estimation,Supervised,Taskonomy
9.346296003338782,6.245988826549265,9.000785024389536,3.1829100630684235,layer4.0.relu,ResNet50,Surface Normals Estimation,Supervised,Taskonomy
8.075881762693202,5.6905017561908435,7.765109602716061,2.646297833074977,layer4.1.relu,ResNet50,Surface Normals Estimation,Supervised,Taskonomy
7.463422402250488,5.558801382754737,7.296966593473481,2.5341967118203272,layer4.2.relu,ResNet50,Surface Normals Estimation,Supervised,Taskonomy
11.4800959659017,15.947058252887341,30.08134945105025,8.898474582681704,layer1.0.relu,ResNet50,Room Layout,Supervised,Taskonomy
10.753229032967841,17.60861025288687,31.75643229498071,10.948260411896454,layer1.1.relu,ResNet50,Room Layout,Supervised,Taskonomy
10.999813859231947,18.94908643955938,33.32764607127334,11.253911008486225,layer1.2.relu,ResNet50,Room Layout,Supervised,Taskonomy
10.852984857474954,18.376654491404995,32.379368278072484,11.369565510858799,layer2.0.relu,ResNet50,Room Layout,Supervised,Taskonomy
10.899722276968241,20.24459556369885,32.19358874547607,10.793652432422896,layer2.1.relu,ResNet50,Room Layout,Supervised,Taskonomy
10.51080110922133,19.430888416306352,31.282273406108626,10.652754023533554,layer2.2.relu,ResNet50,Room Layout,Supervised,Taskonomy
10.37763489932072,16.20288860501186,28.968654237891148,9.997247122866028,layer2.3.relu,ResNet50,Room Layout,Supervised,Taskonomy
10.15950479874286,15.46239409536308,25.76492542959759,8.987322797981115,layer3.0.relu,ResNet50,Room Layout,Supervised,Taskonomy
10.173082195932292,15.981170954995543,26.346682369866077,9.384040695503765,layer3.1.relu,ResNet50,Room Layout,Supervised,Taskonomy
10.067594426977623,15.134896561132772,27.016188315105264,9.650908950657886,layer3.2.relu,ResNet50,Room Layout,Supervised,Taskonomy
9.981281289356822,15.24002473443287,27.11206420726699,9.071415306397068,layer3.3.relu,ResNet50,Room Layout,Supervised,Taskonomy
9.95041783915213,15.313976731119531,28.60295035326037,9.903422452957173,layer3.4.relu,ResNet50,Room Layout,Supervised,Taskonomy
10.302899909040715,17.283174219359974,29.140381812997116,9.944888778108881,layer3.5.relu,ResNet50,Room Layout,Supervised,Taskonomy
10.138129916129495,16.86081273892739,28.706860140782734,9.21820954284268,layer4.0.relu,ResNet50,Room Layout,Supervised,Taskonomy
9.987709368761506,15.736317681482337,28.900673514964122,9.82712504613572,layer4.1.relu,ResNet50,Room Layout,Supervised,Taskonomy
10.150025502396641,14.055731157087685,28.011008878486606,8.928240502080465,layer4.2.relu,ResNet50,Room Layout,Supervised,Taskonomy
10.954611321868239,19.69377387451567,32.26992011939095,11.015783764944693,layer1.0.relu,ResNet50,Unsupervised Segmentation (25D),Self-Supervised,Taskonomy
10.622593027378773,18.263648852190478,30.531713634438464,9.289726130068676,layer1.1.relu,ResNet50,Unsupervised Segmentation (25D),Self-Supervised,Taskonomy
11.729942314180024,18.459708134710404,33.22780452804326,9.874646691000024,layer1.2.relu,ResNet50,Unsupervised Segmentation (25D),Self-Supervised,Taskonomy
11.586938880607455,16.692014240761214,29.109789302331393,9.330287848577287,layer2.0.relu,ResNet50,Unsupervised Segmentation (25D),Self-Supervised,Taskonomy
11.772197780295928,14.711005670601452,28.93933333466819,9.05755578225132,layer2.1.relu,ResNet50,Unsupervised Segmentation (25D),Self-Supervised,Taskonomy
11.964054119064317,15.524881024464216,29.761382484622235,10.114907677691162,layer2.2.relu,ResNet50,Unsupervised Segmentation (25D),Self-Supervised,Taskonomy
12.191876678033555,15.035936207904905,30.125183853737326,10.266768613318012,layer2.3.relu,ResNet50,Unsupervised Segmentation (25D),Self-Supervised,Taskonomy
11.964204411237375,12.193446344614658,21.443062049430203,7.976730201630815,layer3.0.relu,ResNet50,Unsupervised Segmentation (25D),Self-Supervised,Taskonomy
11.522518884419371,11.083292186200048,20.19197127402012,7.644911758064166,layer3.1.relu,ResNet50,Unsupervised Segmentation (25D),Self-Supervised,Taskonomy
11.475638733642919,11.057265194913843,20.70642940800205,7.763888960444297,layer3.2.relu,ResNet50,Unsupervised Segmentation (25D),Self-Supervised,Taskonomy
11.538919235977444,11.28527920477327,21.181800074823485,8.059452618831244,layer3.3.relu,ResNet50,Unsupervised Segmentation (25D),Self-Supervised,Taskonomy
11.283397561170773,11.727298880696017,21.67951154783819,8.147833745744212,layer3.4.relu,ResNet50,Unsupervised Segmentation (25D),Self-Supervised,Taskonomy
11.062832616974669,12.066455270288673,22.64067777304553,8.540946373918057,layer3.5.relu,ResNet50,Unsupervised Segmentation (25D),Self-Supervised,Taskonomy
11.121651040340085,15.606420443601488,23.29062272751495,7.989621857328022,layer4.0.relu,ResNet50,Unsupervised Segmentation (25D),Self-Supervised,Taskonomy
11.103980908832982,15.798934849850436,23.78883928130875,8.036775109675032,layer4.1.relu,ResNet50,Unsupervised Segmentation (25D),Self-Supervised,Taskonomy
10.876803348093697,15.159621886896742,24.106044932288277,7.880745870993439,layer4.2.relu,ResNet50,Unsupervised Segmentation (25D),Self-Supervised,Taskonomy
9.13773895047047,16.51610944078741,30.738886309210432,9.233713824512098,layer1.0.relu,ResNet50,Unsupervised Segmentation (2D),Self-Supervised,Taskonomy
8.243965855940282,20.863930274560648,32.353358012622195,9.23840612767082,layer1.1.relu,ResNet50,Unsupervised Segmentation (2D),Self-Supervised,Taskonomy
8.427755936254142,17.493912373238928,35.442663395925265,11.795279348343774,layer1.2.relu,ResNet50,Unsupervised Segmentation (2D),Self-Supervised,Taskonomy
8.46576973768088,15.767786391593445,32.90682869004001,10.132718810035318,layer2.0.relu,ResNet50,Unsupervised Segmentation (2D),Self-Supervised,Taskonomy
8.659814299482745,16.258935062255645,33.84414459290369,10.692694878830835,layer2.1.relu,ResNet50,Unsupervised Segmentation (2D),Self-Supervised,Taskonomy
8.685582523475533,16.752109134591077,36.24758181726598,12.345814286359474,layer2.2.relu,ResNet50,Unsupervised Segmentation (2D),Self-Supervised,Taskonomy
8.821493868614052,19.771778834939475,35.02209939271548,10.685022111022086,layer2.3.relu,ResNet50,Unsupervised Segmentation (2D),Self-Supervised,Taskonomy
8.410248689095056,13.553008887384998,23.228335632373827,6.80724173775127,layer3.0.relu,ResNet50,Unsupervised Segmentation (2D),Self-Supervised,Taskonomy
8.325616992778599,14.20207535016617,22.88530067361411,7.027321417946541,layer3.1.relu,ResNet50,Unsupervised Segmentation (2D),Self-Supervised,Taskonomy
8.41392834292013,13.13174510577054,21.784370169931528,6.959769177546842,layer3.2.relu,ResNet50,Unsupervised Segmentation (2D),Self-Supervised,Taskonomy
8.4344898142611,12.292002584676526,18.758313375306805,5.515094764493756,layer3.3.relu,ResNet50,Unsupervised Segmentation (2D),Self-Supervised,Taskonomy
8.482682890174543,10.567499316480516,17.701609841637765,5.215160347734014,layer3.4.relu,ResNet50,Unsupervised Segmentation (2D),Self-Supervised,Taskonomy
8.366051190560247,10.829275066838129,18.774791751402123,5.706449418140631,layer3.5.relu,ResNet50,Unsupervised Segmentation (2D),Self-Supervised,Taskonomy
10.324853015417974,8.862250714524842,13.137773907273614,3.431793911560149,layer4.0.relu,ResNet50,Unsupervised Segmentation (2D),Self-Supervised,Taskonomy
11.288868925759974,6.174063383192576,10.113607305203963,2.668007789470873,layer4.1.relu,ResNet50,Unsupervised Segmentation (2D),Self-Supervised,Taskonomy
11.068932487271123,5.499297210850214,9.130444948376205,2.3092067805035654,layer4.2.relu,ResNet50,Unsupervised Segmentation (2D),Self-Supervised,Taskonomy
13.348181728311946,15.413365036008209,29.79364227920116,9.720051646585592,layer1.0.relu,ResNet50,Semantic Segmentation,Supervised,Taskonomy
13.806693865987738,16.808094349635198,32.562430072229816,10.332247280920965,layer1.1.relu,ResNet50,Semantic Segmentation,Supervised,Taskonomy
14.132054652952764,16.30696349208389,32.53188461429508,10.169651474027463,layer1.2.relu,ResNet50,Semantic Segmentation,Supervised,Taskonomy
14.548551451750123,15.932146166392963,34.002105971630634,13.730154689850607,layer2.0.relu,ResNet50,Semantic Segmentation,Supervised,Taskonomy
14.958153181344743,16.99497489307493,34.68946525991424,12.795579072026927,layer2.1.relu,ResNet50,Semantic Segmentation,Supervised,Taskonomy
15.175167834697632,17.634164315456953,35.420765206798585,13.201905811684425,layer2.2.relu,ResNet50,Semantic Segmentation,Supervised,Taskonomy
14.837455652334736,16.669890078504924,34.86603124861473,12.699330195626029,layer2.3.relu,ResNet50,Semantic Segmentation,Supervised,Taskonomy
14.426942248068915,16.641911855432426,31.593923291457212,10.371910048518972,layer3.0.relu,ResNet50,Semantic Segmentation,Supervised,Taskonomy
14.301820719748525,14.883702998992714,30.312985766727977,11.651019971595137,layer3.1.relu,ResNet50,Semantic Segmentation,Supervised,Taskonomy
14.539844064838446,15.842501118898113,30.53288965559156,11.112521668924009,layer3.2.relu,ResNet50,Semantic Segmentation,Supervised,Taskonomy
14.835379434129417,16.523640255074973,30.608104347216045,11.20979345807964,layer3.3.relu,ResNet50,Semantic Segmentation,Supervised,Taskonomy
14.687912706003575,16.504161907979967,30.495837916151686,11.153773864947317,layer3.4.relu,ResNet50,Semantic Segmentation,Supervised,Taskonomy
14.928028091136573,17.793491361599482,30.663752972558914,11.314577194816165,layer3.5.relu,ResNet50,Semantic Segmentation,Supervised,Taskonomy
15.140253343099117,14.563492378436708,27.229387403795737,10.209713400472312,layer4.0.relu,ResNet50,Semantic Segmentation,Supervised,Taskonomy
15.438107837806918,14.460998346429607,27.567921334346885,9.79327865208046,layer4.1.relu,ResNet50,Semantic Segmentation,Supervised,Taskonomy
15.230554683068661,13.98511808941619,25.930910068193935,8.549619073930932,layer4.2.relu,ResNet50,Semantic Segmentation,Supervised,Taskonomy
11.96081702093505,15.211415452232202,31.519836199513158,10.591862275356318,layer1.0.relu,ResNet50,Object Classification,Supervised,Taskonomy
12.446827084300123,14.797156165819988,33.82593286430739,11.00956163401927,layer1.1.relu,ResNet50,Object Classification,Supervised,Taskonomy
12.720640637756672,14.508672754901315,34.93352893176696,11.569957174208593,layer1.2.relu,ResNet50,Object Classification,Supervised,Taskonomy
11.892294540005926,14.41705163015595,35.22165909422089,10.931391465277349,layer2.0.relu,ResNet50,Object Classification,Supervised,Taskonomy
11.990621173994292,13.656026680329502,37.35004682172815,12.109349175881935,layer2.1.relu,ResNet50,Object Classification,Supervised,Taskonomy
11.847242281338689,13.81414726425139,37.88179759759004,12.649033671410733,layer2.2.relu,ResNet50,Object Classification,Supervised,Taskonomy
12.502448649614369,15.623554431598308,33.893463976463885,10.9668909475409,layer2.3.relu,ResNet50,Object Classification,Supervised,Taskonomy
12.61537848598598,14.583237877006503,29.209622327746935,10.21234258903856,layer3.0.relu,ResNet50,Object Classification,Supervised,Taskonomy
13.121800455063473,14.198746695223877,29.326032206382255,10.594818291307933,layer3.1.relu,ResNet50,Object Classification,Supervised,Taskonomy
13.207959268441787,14.523834281647964,30.25092974586104,10.342136896734724,layer3.2.relu,ResNet50,Object Classification,Supervised,Taskonomy
13.070522862313858,15.443795864162164,30.86077856821688,11.440618342530907,layer3.3.relu,ResNet50,Object Classification,Supervised,Taskonomy
13.160272741348582,14.820989159074124,30.862311792356135,12.030829998314365,layer3.4.relu,ResNet50,Object Classification,Supervised,Taskonomy
12.67567526060811,14.78215384556587,30.908267768126425,12.809679420109536,layer3.5.relu,ResNet50,Object Classification,Supervised,Taskonomy
13.053205655631011,12.072413043868023,24.998010534929026,9.197469673426907,layer4.0.relu,ResNet50,Object Classification,Supervised,Taskonomy
13.267707560531203,11.371816891522775,24.47846567461429,9.352507187595338,layer4.1.relu,ResNet50,Object Classification,Supervised,Taskonomy
13.258044811890274,10.351136046781194,23.486289767235704,9.121330363062869,layer4.2.relu,ResNet50,Object Classification,Supervised,Taskonomy
12.832032610584376,15.03018279715746,30.83802537436595,9.299944731503517,layer1.0.relu,ResNet50,Scene Classification,Supervised,Taskonomy
12.958480948624626,16.53195700589038,33.33586757475378,10.542838683601671,layer1.1.relu,ResNet50,Scene Classification,Supervised,Taskonomy
12.466596394756841,15.272509622596546,34.10262363989684,10.633809149146135,layer1.2.relu,ResNet50,Scene Classification,Supervised,Taskonomy
12.536461822199879,14.128288306173927,35.40216111463226,13.000946518398203,layer2.0.relu,ResNet50,Scene Classification,Supervised,Taskonomy
12.494545069774691,13.037425509469232,37.26100736027337,13.549033569391083,layer2.1.relu,ResNet50,Scene Classification,Supervised,Taskonomy
12.438434901993794,13.160131015827762,36.81796279540817,13.798463666574783,layer2.2.relu,ResNet50,Scene Classification,Supervised,Taskonomy
12.536077424989637,12.265326292029407,33.14761544266543,11.38732333596509,layer2.3.relu,ResNet50,Scene Classification,Supervised,Taskonomy
11.852764316559258,11.531651004805196,30.15600674253251,12.487365044915377,layer3.0.relu,ResNet50,Scene Classification,Supervised,Taskonomy
11.943444522543054,12.358485417534698,30.40535090298481,12.654274058856036,layer3.1.relu,ResNet50,Scene Classification,Supervised,Taskonomy
11.997000600002067,13.160493837968884,30.22081725259416,11.950053535578599,layer3.2.relu,ResNet50,Scene Classification,Supervised,Taskonomy
11.902827113408987,13.552623524908256,31.137345689146787,12.58879791691158,layer3.3.relu,ResNet50,Scene Classification,Supervised,Taskonomy
11.854513706565653,13.772620383467814,31.301637337066897,13.152067774475231,layer3.4.relu,ResNet50,Scene Classification,Supervised,Taskonomy
12.06300209965083,13.760066014472455,31.761602354823193,13.467501787304721,layer3.5.relu,ResNet50,Scene Classification,Supervised,Taskonomy
12.337154899694776,11.545531174347849,25.433031463140583,9.82203429528046,layer4.0.relu,ResNet50,Scene Classification,Supervised,Taskonomy
12.302729315963138,10.888879829643207,25.038920478181527,9.414440574857592,layer4.1.relu,ResNet50,Scene Classification,Supervised,Taskonomy
12.424033492887206,9.357263515898575,22.95667351397939,8.16832737402553,layer4.2.relu,ResNet50,Scene Classification,Supervised,Taskonomy
10.114547034481932,9.039404261791853,21.580729382077294,6.440600062922652,layer1.0.relu,ResNet50,Inpainting,Self-Supervised,Taskonomy
9.328613372088526,8.165767649288483,20.827581369857143,6.539452678684319,layer1.1.relu,ResNet50,Inpainting,Self-Supervised,Taskonomy
8.034398381161868,8.429357780501382,18.833617830825336,5.5017236015843,layer1.2.relu,ResNet50,Inpainting,Self-Supervised,Taskonomy
6.877832358643979,9.166920631250045,15.633699845850467,4.732797285514106,layer2.0.relu,ResNet50,Inpainting,Self-Supervised,Taskonomy
6.102002119796977,9.16203092061134,13.48439257526999,4.009945550739238,layer2.1.relu,ResNet50,Inpainting,Self-Supervised,Taskonomy
6.04059829324607,8.72488703930843,12.803115621965157,3.8962392036048152,layer2.2.relu,ResNet50,Inpainting,Self-Supervised,Taskonomy
6.0561204176449195,8.590180002257519,13.36176227065236,3.9670808328677443,layer2.3.relu,ResNet50,Inpainting,Self-Supervised,Taskonomy
6.131353344512824,8.42509790758322,13.16186732450268,3.969957785361281,layer3.0.relu,ResNet50,Inpainting,Self-Supervised,Taskonomy
6.12056042600589,8.288417580672006,12.80222173816891,3.7886385976472883,layer3.1.relu,ResNet50,Inpainting,Self-Supervised,Taskonomy
6.136208859868864,8.259996821596205,12.648964105338472,3.7158662771113042,layer3.2.relu,ResNet50,Inpainting,Self-Supervised,Taskonomy
6.210947511073517,8.143862130064047,12.581099582807596,3.6924573639739915,layer3.3.relu,ResNet50,Inpainting,Self-Supervised,Taskonomy
6.233438844287279,7.432767216633856,11.151942181467673,3.078187140803221,layer3.4.relu,ResNet50,Inpainting,Self-Supervised,Taskonomy
6.2293528160140665,7.208206594451101,11.048169639873013,3.01515767821703,layer3.5.relu,ResNet50,Inpainting,Self-Supervised,Taskonomy
6.735723848659047,6.553576268352007,8.234877264330253,2.1314580455958194,layer4.0.relu,ResNet50,Inpainting,Self-Supervised,Taskonomy
6.901644024703537,6.299800645131527,6.877788579975155,1.8369299213891879,layer4.1.relu,ResNet50,Inpainting,Self-Supervised,Taskonomy
6.837550302400421,5.854667848105915,6.07027622818712,1.7178777795241251,layer4.2.relu,ResNet50,Inpainting,Self-Supervised,Taskonomy
13.056892612249005,19.322109114026006,35.50504663860059,10.744083707969562,layer1.0.relu,ResNet50,Vanishing Point Estimation,Supervised,Taskonomy
13.194701500513062,20.232049709480183,38.06569133602079,10.913331323293908,layer1.1.relu,ResNet50,Vanishing Point Estimation,Supervised,Taskonomy
12.805590171421525,20.20708072710651,39.66704893192973,11.023436935834715,layer1.2.relu,ResNet50,Vanishing Point Estimation,Supervised,Taskonomy
12.566186126239026,27.24740947378369,41.64261521196362,15.07986445248253,layer2.0.relu,ResNet50,Vanishing Point Estimation,Supervised,Taskonomy
12.897299239821658,28.540870725647125,42.82988405625173,16.58320051675458,layer2.1.relu,ResNet50,Vanishing Point Estimation,Supervised,Taskonomy
12.574504066098507,28.26727309584428,42.042713399930875,15.52975388262956,layer2.2.relu,ResNet50,Vanishing Point Estimation,Supervised,Taskonomy
13.699889071034198,27.656721046488467,40.65011427889155,14.63112906226745,layer2.3.relu,ResNet50,Vanishing Point Estimation,Supervised,Taskonomy
15.703513719425972,24.001065120103885,34.12737010779806,11.09865730769617,layer3.0.relu,ResNet50,Vanishing Point Estimation,Supervised,Taskonomy
17.66664924541967,21.72129037328141,32.52232851261433,10.479441061585558,layer3.1.relu,ResNet50,Vanishing Point Estimation,Supervised,Taskonomy
17.56194099535386,23.158554042700494,32.92892345533251,10.963332334331263,layer3.2.relu,ResNet50,Vanishing Point Estimation,Supervised,Taskonomy
17.435455787108257,23.479719659371753,31.962886543992976,10.637912498390982,layer3.3.relu,ResNet50,Vanishing Point Estimation,Supervised,Taskonomy
17.355841280685954,22.67280284465287,32.55611965686076,11.02317723498359,layer3.4.relu,ResNet50,Vanishing Point Estimation,Supervised,Taskonomy
17.239732046399887,24.05670205290657,33.60446892319936,11.38063998588699,layer3.5.relu,ResNet50,Vanishing Point Estimation,Supervised,Taskonomy
15.098375717721854,17.949245918900072,35.613274561227165,14.062080484281221,layer4.0.relu,ResNet50,Vanishing Point Estimation,Supervised,Taskonomy
14.423324574169603,18.135993337160407,33.91245551000126,12.833350000175924,layer4.1.relu,ResNet50,Vanishing Point Estimation,Supervised,Taskonomy
14.398929707290485,18.83384601112633,32.877001496099666,12.859204316159513,layer4.2.relu,ResNet50,Vanishing Point Estimation,Supervised,Taskonomy
