layer,score,score_error,model,benchmark,effective_dimensionality_dataset,effective_dimensionality_imagenet,region,EBA,EVC,FFA,LOC,OFA,OPA,PFS,PPA,RSC,STS
encode_1,0.3132465193058767,0.0037571431675195,resnet18-supervised-1000components,"bonner.Object2Vec.regression=lin.regions=EVC,LOC,PFS,OPA,PPA,RSC,FFA,OFA,STS,EBA",19.818357006303497,89.97359217845607,EVC+LOC+PFS+OPA+PPA+RSC+FFA+OFA+STS+EBA,0.3239069866952788,0.36286802574252214,0.33633136665896884,0.38657433731069213,0.38681129242488804,0.3046144496402256,0.27535219241466596,0.297972677301284,0.18035142001189416,0.2207677274828933
encode_1.conv,0.2868700051511389,0.0038001989614414,resnet18-supervised-1000components,"bonner.Object2Vec.regression=lin.regions=EVC,LOC,PFS,OPA,PPA,RSC,FFA,OFA,STS,EBA",13.20726288723605,100.2374844587045,EVC+LOC+PFS+OPA+PPA+RSC+FFA+OFA+STS+EBA,0.3221980813089209,0.2829856611114355,0.3340331625079571,0.39044073242338073,0.36858214337747064,0.25388250662416045,0.2752115064446254,0.22360960154912052,0.17747212110603613,0.1650971352127175
encode_2,0.3641274250087293,0.0041694991816552,resnet18-supervised-1000components,"bonner.Object2Vec.regression=lin.regions=EVC,LOC,PFS,OPA,PPA,RSC,FFA,OFA,STS,EBA",24.048256601556663,276.181491240111,EVC+LOC+PFS+OPA+PPA+RSC+FFA+OFA+STS+EBA,0.3848235860716462,0.4022168726078148,0.35852227316934937,0.459857070315001,0.462420072874325,0.36230497321190874,0.2946251957901019,0.36624627749795147,0.22867710837260108,0.25438033119230474
encode_3,0.3838043259383228,0.0043203199190933,resnet18-supervised-1000components,"bonner.Object2Vec.regression=lin.regions=EVC,LOC,PFS,OPA,PPA,RSC,FFA,OFA,STS,EBA",30.01118666809185,623.8813004925357,EVC+LOC+PFS+OPA+PPA+RSC+FFA+OFA+STS+EBA,0.3927463302235146,0.4176320773101586,0.3741997216024293,0.4856013764105588,0.4949097196377799,0.39163961483851606,0.3386495374370604,0.3875228368747004,0.2068410090450951,0.2929678136396047
encode_4,0.4038790151220315,0.0044723708166431,resnet18-supervised-1000components,"bonner.Object2Vec.regression=lin.regions=EVC,LOC,PFS,OPA,PPA,RSC,FFA,OFA,STS,EBA",31.914942865130826,525.4846251732583,EVC+LOC+PFS+OPA+PPA+RSC+FFA+OFA+STS+EBA,0.3938999399627764,0.4446420853362884,0.395096905008718,0.5478593539364238,0.5196488848240151,0.3837674470806963,0.3809030607454871,0.39828710147168067,0.2096613979335021,0.30446211641898835
encode_5,0.4224854808326339,0.0046064706880368,resnet18-supervised-1000components,"bonner.Object2Vec.regression=lin.regions=EVC,LOC,PFS,OPA,PPA,RSC,FFA,OFA,STS,EBA",30.10840958639129,676.2756978212252,EVC+LOC+PFS+OPA+PPA+RSC+FFA+OFA+STS+EBA,0.41144558660967956,0.41996400757667285,0.4114743747401848,0.5651725668015519,0.5307108724523001,0.43547951271357865,0.4068460241218748,0.4462271689568952,0.23230692908799636,0.2740236714618269
encode_6,0.4386257242496759,0.0045832581215793,resnet18-supervised-1000components,"bonner.Object2Vec.regression=lin.regions=EVC,LOC,PFS,OPA,PPA,RSC,FFA,OFA,STS,EBA",34.12337120704819,359.1391945794793,EVC+LOC+PFS+OPA+PPA+RSC+FFA+OFA+STS+EBA,0.41205792834066696,0.45456844650063527,0.4011236181392749,0.5855203731158007,0.5512083263894145,0.45930184017160025,0.404030459860507,0.46873242837855167,0.26759290099826183,0.29183136578734525
encode_7,0.4348551552862792,0.0045986042645814,resnet18-supervised-1000components,"bonner.Object2Vec.regression=lin.regions=EVC,LOC,PFS,OPA,PPA,RSC,FFA,OFA,STS,EBA",26.272457535128275,439.2157757851501,EVC+LOC+PFS+OPA+PPA+RSC+FFA+OFA+STS+EBA,0.3937112311783781,0.4733167887194002,0.38451036722160403,0.585372349199212,0.554082312274754,0.473510199878468,0.38370809074043677,0.4739950372599703,0.25140806921180264,0.2788635190886264
encode_8,0.4356021251464956,0.0046391712429481,resnet18-supervised-1000components,"bonner.Object2Vec.regression=lin.regions=EVC,LOC,PFS,OPA,PPA,RSC,FFA,OFA,STS,EBA",32.3892748161692,427.5878502889277,EVC+LOC+PFS+OPA+PPA+RSC+FFA+OFA+STS+EBA,0.42048557122919217,0.47510116605201147,0.39084680357511103,0.5803306367305139,0.5482781929360924,0.5056781936342737,0.3549673446429363,0.48036489563825246,0.22140571206887183,0.28720427459412456
encode_9,0.4452913452495158,0.0043934985732236,resnet18-supervised-1000components,"bonner.Object2Vec.regression=lin.regions=EVC,LOC,PFS,OPA,PPA,RSC,FFA,OFA,STS,EBA",51.25732520276732,313.8762749108132,EVC+LOC+PFS+OPA+PPA+RSC+FFA+OFA+STS+EBA,0.42986475644231004,0.46762844112876345,0.40916567509430635,0.5847587063506663,0.5391855393517455,0.5182306287072276,0.4240263790098172,0.4972159645208588,0.19132283735150343,0.30576586451286575
encode_1,0.2934067014591641,0.003585944043523,resnet18-la-1000components,"bonner.Object2Vec.regression=lin.regions=EVC,LOC,PFS,OPA,PPA,RSC,FFA,OFA,STS,EBA",14.19052898424404,57.01257891167812,EVC+LOC+PFS+OPA+PPA+RSC+FFA+OFA+STS+EBA,0.31336095261157704,0.35447931834493906,0.3165530780929232,0.3440573210196249,0.3632195086042407,0.2941694019182707,0.24806453522020586,0.2707645102766343,0.16517582682047058,0.21813656855691127
encode_1.conv,0.263293117791466,0.0038591940421409,resnet18-la-1000components,"bonner.Object2Vec.regression=lin.regions=EVC,LOC,PFS,OPA,PPA,RSC,FFA,OFA,STS,EBA",8.74087094419823,52.48986627323789,EVC+LOC+PFS+OPA+PPA+RSC+FFA+OFA+STS+EBA,0.3141209221521677,0.2672916700070777,0.3119614564831755,0.34601080415682905,0.33821246069690175,0.22157750676513527,0.23987502200773375,0.19730437221930713,0.17560271136290279,0.15283442913043122
encode_2,0.3399313553524158,0.003988360365655,resnet18-la-1000components,"bonner.Object2Vec.regression=lin.regions=EVC,LOC,PFS,OPA,PPA,RSC,FFA,OFA,STS,EBA",16.06600140318216,216.9292577130078,EVC+LOC+PFS+OPA+PPA+RSC+FFA+OFA+STS+EBA,0.36043975225960107,0.41049874340396353,0.33363852098354807,0.4093761695951056,0.42042885051537954,0.3469958369039975,0.2538217121503274,0.34497471937762303,0.21047518831821813,0.25978152559872486
encode_3,0.3905167885754025,0.0042509945138636,resnet18-la-1000components,"bonner.Object2Vec.regression=lin.regions=EVC,LOC,PFS,OPA,PPA,RSC,FFA,OFA,STS,EBA",30.18227082307237,627.9908497171853,EVC+LOC+PFS+OPA+PPA+RSC+FFA+OFA+STS+EBA,0.4105937918054759,0.42385610618724223,0.36754583690989173,0.47187595185425557,0.476529879060616,0.4185198298243292,0.32244661350583526,0.42431725016331223,0.24127646621756144,0.28078710337776364
encode_4,0.3992630534517111,0.0045936763804248,resnet18-la-1000components,"bonner.Object2Vec.regression=lin.regions=EVC,LOC,PFS,OPA,PPA,RSC,FFA,OFA,STS,EBA",29.166491536868584,454.6930603965079,EVC+LOC+PFS+OPA+PPA+RSC+FFA+OFA+STS+EBA,0.4192704005126819,0.4259046298309417,0.3761559357579566,0.5110163755853463,0.5156899067314649,0.39590957523678605,0.34638149612317004,0.41314135761468035,0.23510906178236654,0.2822958338122993
encode_5,0.4186537920702374,0.004698031740855,resnet18-la-1000components,"bonner.Object2Vec.regression=lin.regions=EVC,LOC,PFS,OPA,PPA,RSC,FFA,OFA,STS,EBA",26.98118477651173,560.4546395422608,EVC+LOC+PFS+OPA+PPA+RSC+FFA+OFA+STS+EBA,0.43376583070024444,0.44201004511925923,0.39448394122134667,0.5445375510917307,0.5288486549310828,0.4439560964742463,0.35367407574200993,0.4452271487499238,0.23642603932654033,0.2758895532284576
encode_6,0.4231514869078513,0.0046970186349894,resnet18-la-1000components,"bonner.Object2Vec.regression=lin.regions=EVC,LOC,PFS,OPA,PPA,RSC,FFA,OFA,STS,EBA",21.14760797747803,241.50848101711287,EVC+LOC+PFS+OPA+PPA+RSC+FFA+OFA+STS+EBA,0.4021987189591092,0.4352107505919323,0.39385372735744356,0.5623756418844941,0.5285625778887876,0.4506672492012676,0.3867434721391576,0.4558899870658042,0.25838645697433027,0.25218759579215877
encode_7,0.4159781787187248,0.0046103342856619,resnet18-la-1000components,"bonner.Object2Vec.regression=lin.regions=EVC,LOC,PFS,OPA,PPA,RSC,FFA,OFA,STS,EBA",5.120354724628983,54.92261013825796,EVC+LOC+PFS+OPA+PPA+RSC+FFA+OFA+STS+EBA,0.3871603650931646,0.4343050137826447,0.3785505918871211,0.5570822706497681,0.5192130563665565,0.46001339646677253,0.37070107509507677,0.45193036061128733,0.24653336877480625,0.2550356374423824
encode_8,0.4493688319572056,0.0045074028590894,resnet18-la-1000components,"bonner.Object2Vec.regression=lin.regions=EVC,LOC,PFS,OPA,PPA,RSC,FFA,OFA,STS,EBA",1.9935412667817416,16.04707199557393,EVC+LOC+PFS+OPA+PPA+RSC+FFA+OFA+STS+EBA,0.4176802625023722,0.4492716110883133,0.41158712905451783,0.5911268250880161,0.5689855291431618,0.5110686302013148,0.3803881863789147,0.5168539517781626,0.2613709474918055,0.2823786862151878
encode_9,0.4051950790458553,0.0043192161841161,resnet18-la-1000components,"bonner.Object2Vec.regression=lin.regions=EVC,LOC,PFS,OPA,PPA,RSC,FFA,OFA,STS,EBA",44.98646120923697,290.50594356437296,EVC+LOC+PFS+OPA+PPA+RSC+FFA+OFA+STS+EBA,0.3793741686672003,0.38173625273978673,0.3652126067016269,0.5189104999871359,0.5097708381299565,0.480332947101994,0.3213389902836713,0.4911725319726387,0.252770820265001,0.26465665938180505
encode_1,0.3079349873088844,0.0036519143536901,resnet18-ir-1000components,"bonner.Object2Vec.regression=lin.regions=EVC,LOC,PFS,OPA,PPA,RSC,FFA,OFA,STS,EBA",16.089952809945707,73.82007516352552,EVC+LOC+PFS+OPA+PPA+RSC+FFA+OFA+STS+EBA,0.3172422027376445,0.3702070495031339,0.32996278983169236,0.36335795931112636,0.3802821622560929,0.31446285839762667,0.26199633779598547,0.2951134688716309,0.17299303191920518,0.21918911618672532
encode_1.conv,0.2914795765871844,0.0039843239285987,resnet18-ir-1000components,"bonner.Object2Vec.regression=lin.regions=EVC,LOC,PFS,OPA,PPA,RSC,FFA,OFA,STS,EBA",11.885134713252077,103.61080027603973,EVC+LOC+PFS+OPA+PPA+RSC+FFA+OFA+STS+EBA,0.33567235197638834,0.2917187623151742,0.3392986209647352,0.42034889557388194,0.38275583266179547,0.24826845265237857,0.27624844028152856,0.20771971970322248,0.17224432507716148,0.15888009175110626
encode_2,0.3411729437464141,0.0039935089388217,resnet18-ir-1000components,"bonner.Object2Vec.regression=lin.regions=EVC,LOC,PFS,OPA,PPA,RSC,FFA,OFA,STS,EBA",24.95939721844915,268.551229517882,EVC+LOC+PFS+OPA+PPA+RSC+FFA+OFA+STS+EBA,0.3710205375589358,0.4119299151649927,0.348996964225141,0.4191572803676729,0.43225455680007757,0.31970221866154247,0.2757195693441346,0.3233867043263518,0.19995166579976428,0.26012817537377786
encode_3,0.3742948597780132,0.0041131430851342,resnet18-ir-1000components,"bonner.Object2Vec.regression=lin.regions=EVC,LOC,PFS,OPA,PPA,RSC,FFA,OFA,STS,EBA",31.83868299669502,596.3459503478392,EVC+LOC+PFS+OPA+PPA+RSC+FFA+OFA+STS+EBA,0.41566831264999726,0.4233832308388566,0.36202553807952337,0.4641998286552619,0.475988106540541,0.36054248156828905,0.30761267435522194,0.375473200028971,0.22121070388513425,0.2780197526333471
encode_4,0.3893385811661992,0.0046771915018181,resnet18-ir-1000components,"bonner.Object2Vec.regression=lin.regions=EVC,LOC,PFS,OPA,PPA,RSC,FFA,OFA,STS,EBA",29.716816596001664,404.5137761286565,EVC+LOC+PFS+OPA+PPA+RSC+FFA+OFA+STS+EBA,0.41965576307947694,0.4113932875286258,0.375555347033075,0.5225411826367264,0.5182314614381474,0.3762667157103429,0.3398782647353366,0.38247092113803877,0.20924375232373046,0.25711986292466876
encode_5,0.3982570857316245,0.0046856590839752,resnet18-ir-1000components,"bonner.Object2Vec.regression=lin.regions=EVC,LOC,PFS,OPA,PPA,RSC,FFA,OFA,STS,EBA",29.844939950626376,558.6391546108658,EVC+LOC+PFS+OPA+PPA+RSC+FFA+OFA+STS+EBA,0.4234313006827457,0.4369259140790249,0.397302930993768,0.5236868939409913,0.5225799582655399,0.39043333509492156,0.3559285609180253,0.3900309713494998,0.19971512602326524,0.25398758460394705
encode_6,0.4149705465545523,0.0046869798531428,resnet18-ir-1000components,"bonner.Object2Vec.regression=lin.regions=EVC,LOC,PFS,OPA,PPA,RSC,FFA,OFA,STS,EBA",22.23990340789626,255.18624267231905,EVC+LOC+PFS+OPA+PPA+RSC+FFA+OFA+STS+EBA,0.40154463644168614,0.4397070377176746,0.3736694872296922,0.558813824952844,0.5248596665552044,0.45291937092447976,0.3700567524547498,0.4422718203915581,0.23713507163550518,0.2423893730023334
encode_7,0.4168677767363644,0.0045846319917974,resnet18-ir-1000components,"bonner.Object2Vec.regression=lin.regions=EVC,LOC,PFS,OPA,PPA,RSC,FFA,OFA,STS,EBA",7.508290678780839,139.03298585860742,EVC+LOC+PFS+OPA+PPA+RSC+FFA+OFA+STS+EBA,0.3950250182862956,0.4477768914836842,0.38570074062727133,0.5647999002538386,0.5265301860403752,0.4609816438131587,0.36050617370301685,0.437769978248148,0.23756671591315442,0.2478055798193112
encode_8,0.437708427819214,0.0046816930390389,resnet18-ir-1000components,"bonner.Object2Vec.regression=lin.regions=EVC,LOC,PFS,OPA,PPA,RSC,FFA,OFA,STS,EBA",4.007043546039805,41.83629553713771,EVC+LOC+PFS+OPA+PPA+RSC+FFA+OFA+STS+EBA,0.40376383721716735,0.4061406229892684,0.3801627544931039,0.5927764216425829,0.5417524995653931,0.5262341928180561,0.38131345537294886,0.5088114162048076,0.26569890786054967,0.26231716141570616
encode_9,0.4447636816201722,0.0046984577529192,resnet18-ir-1000components,"bonner.Object2Vec.regression=lin.regions=EVC,LOC,PFS,OPA,PPA,RSC,FFA,OFA,STS,EBA",45.49266630139788,279.09791794316965,EVC+LOC+PFS+OPA+PPA+RSC+FFA+OFA+STS+EBA,0.3996416685271153,0.4135258413470626,0.3813244756714675,0.5711401990604728,0.5510494615486372,0.5628386073572123,0.3741624352492742,0.5443869047160601,0.2729749314135548,0.2667437117105613
encode_1,0.2290964484951,0.0041647957718525,resnet18-ae-1000components,"bonner.Object2Vec.regression=lin.regions=EVC,LOC,PFS,OPA,PPA,RSC,FFA,OFA,STS,EBA",11.346105846246038,17.167193015301862,EVC+LOC+PFS+OPA+PPA+RSC+FFA+OFA+STS+EBA,0.319515318208479,0.3265696780399108,0.29636922384982417,0.2807277766539147,0.32162677511697674,0.10230812413615245,0.22378751746894032,0.10484662283310374,0.11229335798760931,0.16115427915713446
encode_1.conv,0.2276926046939457,0.0042287416353099,resnet18-ae-1000components,"bonner.Object2Vec.regression=lin.regions=EVC,LOC,PFS,OPA,PPA,RSC,FFA,OFA,STS,EBA",9.06557679883299,15.147674372039472,EVC+LOC+PFS+OPA+PPA+RSC+FFA+OFA+STS+EBA,0.33073743085922613,0.2716582790694352,0.30156014035633216,0.3148543023164743,0.3282801347372247,0.11496149768675962,0.22815716182888024,0.09598829400361697,0.1027803603503514,0.1246404060959358
encode_2,0.2634285113161964,0.0045327190709501,resnet18-ae-1000components,"bonner.Object2Vec.regression=lin.regions=EVC,LOC,PFS,OPA,PPA,RSC,FFA,OFA,STS,EBA",14.005853524359958,27.480866041734213,EVC+LOC+PFS+OPA+PPA+RSC+FFA+OFA+STS+EBA,0.3512242297838647,0.3005883520382955,0.32657907208518094,0.4016127395080594,0.3817872967238382,0.15287120539919352,0.25874807446978165,0.12383196629963925,0.12082370254519394,0.1418355772287303
encode_3,0.2585033978963205,0.0046263422155094,resnet18-ae-1000components,"bonner.Object2Vec.regression=lin.regions=EVC,LOC,PFS,OPA,PPA,RSC,FFA,OFA,STS,EBA",15.773406111542345,32.11138963920859,EVC+LOC+PFS+OPA+PPA+RSC+FFA+OFA+STS+EBA,0.3440440180122698,0.30598448812649237,0.30957248713339974,0.4009399219132726,0.3952481062038216,0.1457387840913729,0.2384236546568626,0.11958225253319248,0.11048952929471276,0.14702230050578408
encode_4,0.2425999141183724,0.0044724623890632,resnet18-ae-1000components,"bonner.Object2Vec.regression=lin.regions=EVC,LOC,PFS,OPA,PPA,RSC,FFA,OFA,STS,EBA",17.161690249129894,43.63955789653345,EVC+LOC+PFS+OPA+PPA+RSC+FFA+OFA+STS+EBA,0.31611149795436916,0.30367868922181923,0.2699348927481245,0.38388646973618434,0.3862649499154978,0.15419425783024543,0.2080435170954117,0.10967678708556118,0.09423856427196498,0.13329181003026325
encode_5,0.2229748586878386,0.0043817331128305,resnet18-ae-1000components,"bonner.Object2Vec.regression=lin.regions=EVC,LOC,PFS,OPA,PPA,RSC,FFA,OFA,STS,EBA",14.57701967064436,47.07083575572173,EVC+LOC+PFS+OPA+PPA+RSC+FFA+OFA+STS+EBA,0.2871131478709358,0.2930486667423797,0.2414267785229562,0.3370892985336127,0.36440682003756913,0.13220225688840878,0.1722888049873184,0.09450828271373267,0.11309267446655082,0.15115276935108934
encode_6,0.2263526735172825,0.0043181350275675,resnet18-ae-1000components,"bonner.Object2Vec.regression=lin.regions=EVC,LOC,PFS,OPA,PPA,RSC,FFA,OFA,STS,EBA",14.625778128359018,49.80381899278779,EVC+LOC+PFS+OPA+PPA+RSC+FFA+OFA+STS+EBA,0.2944415182391,0.2785700650914019,0.24115684538984136,0.34318901285813513,0.36312466745646776,0.16233043677166245,0.1591136425640809,0.10395599905177308,0.12385017648272707,0.14337137109804426
encode_7,0.2336824738282459,0.0044044096507839,resnet18-ae-1000components,"bonner.Object2Vec.regression=lin.regions=EVC,LOC,PFS,OPA,PPA,RSC,FFA,OFA,STS,EBA",12.94169878986603,42.156729809304046,EVC+LOC+PFS+OPA+PPA+RSC+FFA+OFA+STS+EBA,0.28598956658222047,0.2956706827825487,0.2320967601584523,0.3686739476355751,0.3812366880658088,0.15404559227309886,0.1841232548962951,0.10908286976025149,0.1363443680833698,0.12018093287028997
encode_8,0.2234745729212932,0.0044119275681189,resnet18-ae-1000components,"bonner.Object2Vec.regression=lin.regions=EVC,LOC,PFS,OPA,PPA,RSC,FFA,OFA,STS,EBA",14.787551254155808,33.8992954669629,EVC+LOC+PFS+OPA+PPA+RSC+FFA+OFA+STS+EBA,0.27744243012769043,0.27595176262919036,0.2238213262702034,0.357977882183379,0.3644344992981156,0.15210976286090364,0.16141482051682998,0.10776055864708195,0.14300738486204315,0.08712270655933285
encode_9,0.2458583283064968,0.0044071083022452,resnet18-ae-1000components,"bonner.Object2Vec.regression=lin.regions=EVC,LOC,PFS,OPA,PPA,RSC,FFA,OFA,STS,EBA",23.394746745116272,83.94592303074742,EVC+LOC+PFS+OPA+PPA+RSC+FFA+OFA+STS+EBA,0.2967356194035735,0.2893142230817947,0.24202877641720674,0.38478194273514776,0.38676851032542653,0.18248281414359913,0.177995079273217,0.1359956560107434,0.17345895096146607,0.09834234657270266
encode_1,0.2748708767907596,0.0038068795709834,resnet18-cpc-1000components,"bonner.Object2Vec.regression=lin.regions=EVC,LOC,PFS,OPA,PPA,RSC,FFA,OFA,STS,EBA",18.6960441324326,75.24962635343476,EVC+LOC+PFS+OPA+PPA+RSC+FFA+OFA+STS+EBA,0.30486708656026995,0.3489039754192254,0.29604792525397666,0.31650047434253537,0.3418699580111366,0.23562582421562855,0.2356076158935711,0.2635536255044094,0.15564976959695187,0.2111678098689647
encode_1.conv,0.3141662082702102,0.0040487762816172,resnet18-cpc-1000components,"bonner.Object2Vec.regression=lin.regions=EVC,LOC,PFS,OPA,PPA,RSC,FFA,OFA,STS,EBA",21.87052965985079,290.7572905216086,EVC+LOC+PFS+OPA+PPA+RSC+FFA+OFA+STS+EBA,0.3721211622454239,0.35090924531828416,0.33485288779856415,0.4053679433732188,0.4092439478713901,0.23984007552221548,0.28579813544389565,0.27847500051879237,0.18636949519256787,0.22273069250213584
encode_2,0.3317522367688764,0.0040132583800099,resnet18-cpc-1000components,"bonner.Object2Vec.regression=lin.regions=EVC,LOC,PFS,OPA,PPA,RSC,FFA,OFA,STS,EBA",23.32508819864664,270.7773254856769,EVC+LOC+PFS+OPA+PPA+RSC+FFA+OFA+STS+EBA,0.37149786004681784,0.39259740177771657,0.3122858681482786,0.37190125293977594,0.40422212886120745,0.3249317739152541,0.25936734495908037,0.3590878107836018,0.2201731329872363,0.2532703653975624
encode_3,0.3542368310309122,0.0042847652979869,resnet18-cpc-1000components,"bonner.Object2Vec.regression=lin.regions=EVC,LOC,PFS,OPA,PPA,RSC,FFA,OFA,STS,EBA",12.742504915399875,224.7896254073912,EVC+LOC+PFS+OPA+PPA+RSC+FFA+OFA+STS+EBA,0.39943810468856056,0.3785374226620045,0.36182263510407475,0.4454075800772935,0.4589392504975302,0.33638185654481867,0.3005507203191881,0.3499472633667911,0.20589109588296345,0.2274358741599025
encode_4,0.3587865303886255,0.004404227007007,resnet18-cpc-1000components,"bonner.Object2Vec.regression=lin.regions=EVC,LOC,PFS,OPA,PPA,RSC,FFA,OFA,STS,EBA",9.311902667838874,176.35589862976306,EVC+LOC+PFS+OPA+PPA+RSC+FFA+OFA+STS+EBA,0.3957841529828914,0.41946881436117645,0.3535156210024559,0.44289979115937517,0.4727056479909551,0.3526929760929912,0.2680619152345346,0.35866003084984155,0.20156477892914682,0.2649219486675025
encode_5,0.3248085854657546,0.0044045470705621,resnet18-cpc-1000components,"bonner.Object2Vec.regression=lin.regions=EVC,LOC,PFS,OPA,PPA,RSC,FFA,OFA,STS,EBA",4.805537283906857,82.60374219992657,EVC+LOC+PFS+OPA+PPA+RSC+FFA+OFA+STS+EBA,0.3374764566058891,0.37044681468431473,0.2914335738715705,0.4544215045785913,0.43884667391972604,0.354104577146571,0.2501443771658865,0.32586827494147086,0.16019380540415404,0.17021769699970352
encode_6,0.3358702442325856,0.0044292667246622,resnet18-cpc-1000components,"bonner.Object2Vec.regression=lin.regions=EVC,LOC,PFS,OPA,PPA,RSC,FFA,OFA,STS,EBA",4.586607453980831,138.49029416863033,EVC+LOC+PFS+OPA+PPA+RSC+FFA+OFA+STS+EBA,0.33358709540105125,0.35715567008455007,0.26707057693307723,0.4497552220690897,0.4161436806412369,0.4106525735545515,0.2576503445009107,0.37498249373807574,0.21572609114455554,0.1804644540091851
encode_7,0.305626202015283,0.0043310793353736,resnet18-cpc-1000components,"bonner.Object2Vec.regression=lin.regions=EVC,LOC,PFS,OPA,PPA,RSC,FFA,OFA,STS,EBA",4.340457971695588,167.62342022519124,EVC+LOC+PFS+OPA+PPA+RSC+FFA+OFA+STS+EBA,0.31199390055837867,0.3595491093439709,0.23713376611316664,0.4467485973516614,0.38810192940827637,0.3255627474886452,0.24521161955834173,0.3083734186151814,0.17331604776840234,0.18937669157066084
encode_8,0.2587951697912857,0.0037068902261933,resnet18-cpc-1000components,"bonner.Object2Vec.regression=lin.regions=EVC,LOC,PFS,OPA,PPA,RSC,FFA,OFA,STS,EBA",2.4634548855109437,7.481338251172525,EVC+LOC+PFS+OPA+PPA+RSC+FFA+OFA+STS+EBA,0.24170079850001752,0.2713046900351653,0.203538226059496,0.357422338047265,0.3312451858566927,0.2837439403388935,0.2620004347483671,0.240155063663785,0.1502522079467678,0.2302446690254928
encode_9,0.2596641695290602,0.0038113854484022,resnet18-cpc-1000components,"bonner.Object2Vec.regression=lin.regions=EVC,LOC,PFS,OPA,PPA,RSC,FFA,OFA,STS,EBA",1.4180584511156755,1.7377031641892018,EVC+LOC+PFS+OPA+PPA+RSC+FFA+OFA+STS+EBA,0.22670188922996115,0.19972573690953732,0.1961478210033906,0.3083429510172413,0.3040204570626175,0.35424745772966065,0.27757171968536465,0.3067493987433482,0.1775859235352889,0.22483270403418398
encode_1,0.266476186895695,0.0038292924010014,resnet18-color-1000components,"bonner.Object2Vec.regression=lin.regions=EVC,LOC,PFS,OPA,PPA,RSC,FFA,OFA,STS,EBA",16.546597920479677,61.298086322963854,EVC+LOC+PFS+OPA+PPA+RSC+FFA+OFA+STS+EBA,0.3045618993944194,0.3710764541839857,0.3130564194086123,0.31254978899857466,0.35019036688758765,0.184669273450921,0.2460105608932967,0.2044470216617777,0.130004011357434,0.22039257653086236
encode_1.conv,0.292321097476904,0.0042971982935037,resnet18-color-1000components,"bonner.Object2Vec.regression=lin.regions=EVC,LOC,PFS,OPA,PPA,RSC,FFA,OFA,STS,EBA",17.113833081475047,219.0417919258948,EVC+LOC+PFS+OPA+PPA+RSC+FFA+OFA+STS+EBA,0.37905902198380137,0.36650609523103367,0.3445635468522575,0.40242558227435815,0.41132733997055465,0.1834067267479234,0.27805506532809493,0.1650245282578137,0.13726831626440675,0.1980208046037434
encode_2,0.3463844996986823,0.0040812505268925,resnet18-color-1000components,"bonner.Object2Vec.regression=lin.regions=EVC,LOC,PFS,OPA,PPA,RSC,FFA,OFA,STS,EBA",24.96565350615135,251.07971206141696,EVC+LOC+PFS+OPA+PPA+RSC+FFA+OFA+STS+EBA,0.3899938909936583,0.42473369199500055,0.34955284926632113,0.42451675773649067,0.4335494599676184,0.30980584091727725,0.3000526275756967,0.3158932215817879,0.20235721150577907,0.26186943810041063
encode_3,0.3634275511353875,0.0041778213533116,resnet18-color-1000components,"bonner.Object2Vec.regression=lin.regions=EVC,LOC,PFS,OPA,PPA,RSC,FFA,OFA,STS,EBA",24.13734533122361,380.6999541305423,EVC+LOC+PFS+OPA+PPA+RSC+FFA+OFA+STS+EBA,0.39808597233177667,0.41707730153424183,0.37262939783852234,0.44510081544470886,0.4534928315390011,0.34538914849649827,0.3159801776338171,0.3491818203950949,0.21153503327147793,0.26659011428072543
encode_4,0.3852021893826259,0.0044137489282431,resnet18-color-1000components,"bonner.Object2Vec.regression=lin.regions=EVC,LOC,PFS,OPA,PPA,RSC,FFA,OFA,STS,EBA",24.72947642936824,455.4090071495477,EVC+LOC+PFS+OPA+PPA+RSC+FFA+OFA+STS+EBA,0.41395890073695746,0.433267312263785,0.3726593745394737,0.4915086089696955,0.49262883190055146,0.382404832098988,0.3340843558880178,0.37377656490313355,0.21586864253508797,0.2734152118413519
encode_5,0.3952234899219826,0.0045901936777231,resnet18-color-1000components,"bonner.Object2Vec.regression=lin.regions=EVC,LOC,PFS,OPA,PPA,RSC,FFA,OFA,STS,EBA",23.142007248434,473.4736182023992,EVC+LOC+PFS+OPA+PPA+RSC+FFA+OFA+STS+EBA,0.42151231187875604,0.4272271798137314,0.37950303084505477,0.5263294377053306,0.513594255599866,0.398797862564229,0.3330799704446973,0.3972733721807952,0.20370967119199548,0.28178248277352685
encode_6,0.3724904178396179,0.0044557786843794,resnet18-color-1000components,"bonner.Object2Vec.regression=lin.regions=EVC,LOC,PFS,OPA,PPA,RSC,FFA,OFA,STS,EBA",14.085959725491012,286.7022518978024,EVC+LOC+PFS+OPA+PPA+RSC+FFA+OFA+STS+EBA,0.41738309694138687,0.4358610717037718,0.3590443905935714,0.49471208039023523,0.49874391853312194,0.3127614557547359,0.2867387495650435,0.34398464314502286,0.23146351548767313,0.30111037474788244
encode_7,0.3935855158467123,0.004692946475384,resnet18-color-1000components,"bonner.Object2Vec.regression=lin.regions=EVC,LOC,PFS,OPA,PPA,RSC,FFA,OFA,STS,EBA",8.572496806701968,142.7110586286491,EVC+LOC+PFS+OPA+PPA+RSC+FFA+OFA+STS+EBA,0.4239505507412116,0.43088549413611904,0.38314078275760777,0.5051245344976287,0.5255730320568367,0.39859995325656755,0.31849114497459524,0.3853152197450459,0.2142461873279946,0.28214524876405533
encode_8,0.343006998110113,0.0043242031745397,resnet18-color-1000components,"bonner.Object2Vec.regression=lin.regions=EVC,LOC,PFS,OPA,PPA,RSC,FFA,OFA,STS,EBA",9.57986487195866,44.66078979718826,EVC+LOC+PFS+OPA+PPA+RSC+FFA+OFA+STS+EBA,0.4013916131510452,0.4320168131793563,0.3343210935488897,0.4540471887210912,0.4627849282423111,0.32246507495879273,0.2638669956245468,0.2856614599182574,0.1663738136800657,0.2510866412849281
encode_9,0.3416090629744953,0.0039650712964763,resnet18-color-1000components,"bonner.Object2Vec.regression=lin.regions=EVC,LOC,PFS,OPA,PPA,RSC,FFA,OFA,STS,EBA",12.152692716619647,47.52870916822214,EVC+LOC+PFS+OPA+PPA+RSC+FFA+OFA+STS+EBA,0.3730111103537249,0.38564113094027563,0.31032052025646006,0.46143545208786996,0.4526475330931132,0.3282515596361451,0.28833057640684984,0.3318095452955916,0.19540930446239677,0.2059542798963582
encode_1,0.2793814336298816,0.0039136343101571,resnet18-rp-1000components,"bonner.Object2Vec.regression=lin.regions=EVC,LOC,PFS,OPA,PPA,RSC,FFA,OFA,STS,EBA",22.663781699665105,109.36834834278908,EVC+LOC+PFS+OPA+PPA+RSC+FFA+OFA+STS+EBA,0.31196364611572447,0.369011559794245,0.3025572497480854,0.35408620651609407,0.3581285113481447,0.24413442795435863,0.23559024410726326,0.22731831957977977,0.14211498801033212,0.20035119892237552
encode_1.conv,0.2942408258746753,0.0038255770794872,resnet18-rp-1000components,"bonner.Object2Vec.regression=lin.regions=EVC,LOC,PFS,OPA,PPA,RSC,FFA,OFA,STS,EBA",18.86826471623417,229.6537937375893,EVC+LOC+PFS+OPA+PPA+RSC+FFA+OFA+STS+EBA,0.3393260452059884,0.3058718156927848,0.33996029488242463,0.402079895952377,0.38996313649564085,0.23066574228234463,0.27805328977544425,0.21449422040625915,0.19096328901270704,0.18209718207193265
encode_2,0.3063121241358493,0.0040330063575167,resnet18-rp-1000components,"bonner.Object2Vec.regression=lin.regions=EVC,LOC,PFS,OPA,PPA,RSC,FFA,OFA,STS,EBA",23.459649711658574,241.071677642991,EVC+LOC+PFS+OPA+PPA+RSC+FFA+OFA+STS+EBA,0.33318120823053365,0.41643470360418106,0.30318640809621056,0.34828470488645835,0.37609785265231716,0.31444927160487274,0.23283883869812866,0.28484403163924704,0.18564117912460953,0.20633007006434181
encode_3,0.3304492267196247,0.0041859879414531,resnet18-rp-1000components,"bonner.Object2Vec.regression=lin.regions=EVC,LOC,PFS,OPA,PPA,RSC,FFA,OFA,STS,EBA",20.029841817154875,302.1750314544837,EVC+LOC+PFS+OPA+PPA+RSC+FFA+OFA+STS+EBA,0.3616525227007736,0.42778013682544436,0.3374583972143149,0.39822019079055077,0.4148797061201151,0.3408061385698381,0.25715104908524256,0.2966366927088344,0.18198872310422748,0.21955625016895045
encode_4,0.3769434484680056,0.0045680269757793,resnet18-rp-1000components,"bonner.Object2Vec.regression=lin.regions=EVC,LOC,PFS,OPA,PPA,RSC,FFA,OFA,STS,EBA",28.64399422844202,307.7322784559674,EVC+LOC+PFS+OPA+PPA+RSC+FFA+OFA+STS+EBA,0.40875493860589573,0.4278033865536668,0.38503403878161174,0.4750006778082579,0.47741336850726135,0.3886290383933639,0.289579359348885,0.3630835396198036,0.21833462709255425,0.27022252725929424
encode_5,0.3854473543206914,0.0047131529763295,resnet18-rp-1000components,"bonner.Object2Vec.regression=lin.regions=EVC,LOC,PFS,OPA,PPA,RSC,FFA,OFA,STS,EBA",23.34940770076053,334.0072422877179,EVC+LOC+PFS+OPA+PPA+RSC+FFA+OFA+STS+EBA,0.39601773472414914,0.4127297393782207,0.4019693104129728,0.5098035388620693,0.5075895938441217,0.38915286178504693,0.3196842572346464,0.37088562484988075,0.20861285216038322,0.2629099116986173
encode_6,0.3906013095671115,0.0045039913568726,resnet18-rp-1000components,"bonner.Object2Vec.regression=lin.regions=EVC,LOC,PFS,OPA,PPA,RSC,FFA,OFA,STS,EBA",27.596302097645545,208.9320169334805,EVC+LOC+PFS+OPA+PPA+RSC+FFA+OFA+STS+EBA,0.390920764857822,0.4036478798363172,0.4016909417157404,0.5174712936072632,0.5071271294987977,0.38610074076318285,0.3425160231060589,0.38315603260626513,0.23178376499359893,0.26366412054648963
encode_7,0.4066077441205239,0.0045112828390927,resnet18-rp-1000components,"bonner.Object2Vec.regression=lin.regions=EVC,LOC,PFS,OPA,PPA,RSC,FFA,OFA,STS,EBA",23.664710601054463,244.39873777644272,EVC+LOC+PFS+OPA+PPA+RSC+FFA+OFA+STS+EBA,0.38498624523010105,0.38891600596029247,0.3958571219503234,0.5536441156568725,0.519962270968747,0.42239664182484093,0.37529617114499153,0.41854525296694534,0.2587083531078631,0.25392246966138093
encode_8,0.395159808110489,0.0045377908281366,resnet18-rp-1000components,"bonner.Object2Vec.regression=lin.regions=EVC,LOC,PFS,OPA,PPA,RSC,FFA,OFA,STS,EBA",23.807776845377,98.02895882962264,EVC+LOC+PFS+OPA+PPA+RSC+FFA+OFA+STS+EBA,0.3643495981072091,0.3801414745719661,0.373198110437422,0.5387727133373839,0.5005494668336854,0.42162902492345533,0.3633195972009553,0.41062186735652434,0.266488354045233,0.2322509650176332
encode_9,0.3995362972469545,0.0044859393991708,resnet18-rp-1000components,"bonner.Object2Vec.regression=lin.regions=EVC,LOC,PFS,OPA,PPA,RSC,FFA,OFA,STS,EBA",23.359527087002927,85.33308128877756,EVC+LOC+PFS+OPA+PPA+RSC+FFA+OFA+STS+EBA,0.3627200483234721,0.37817070873101544,0.3753200520886425,0.5437292664134284,0.505219635605718,0.42699017598916944,0.3723030811113749,0.4145878508366715,0.2790662441247946,0.23743167766314804
encode_1,0.2817689504607673,0.0038228656917975,resnet18-depth-1000components,"bonner.Object2Vec.regression=lin.regions=EVC,LOC,PFS,OPA,PPA,RSC,FFA,OFA,STS,EBA",16.667692534334858,33.02832994154075,EVC+LOC+PFS+OPA+PPA+RSC+FFA+OFA+STS+EBA,0.32441311805014117,0.34674452124007454,0.32499424923527737,0.3541643978041501,0.3616826024662301,0.21774827204323777,0.26062239777262153,0.2164330215190422,0.16168170634241505,0.19727356343423658
encode_1.conv,0.2438819007979715,0.0038177738129221,resnet18-depth-1000components,"bonner.Object2Vec.regression=lin.regions=EVC,LOC,PFS,OPA,PPA,RSC,FFA,OFA,STS,EBA",10.461381432690896,26.462377947425992,EVC+LOC+PFS+OPA+PPA+RSC+FFA+OFA+STS+EBA,0.29758355696399147,0.21496462141832817,0.2982591719278678,0.3277450027134514,0.327817482115078,0.1922549241715661,0.2353149491462479,0.17011351252568763,0.16536266997621688,0.1541521715454677
encode_2,0.3261044884753246,0.0043073288745951,resnet18-depth-1000components,"bonner.Object2Vec.regression=lin.regions=EVC,LOC,PFS,OPA,PPA,RSC,FFA,OFA,STS,EBA",29.3391428023541,157.22201199997932,EVC+LOC+PFS+OPA+PPA+RSC+FFA+OFA+STS+EBA,0.37337862904588326,0.41910805476845003,0.3458370779760846,0.4289018300994689,0.42773166563146003,0.2922731731871934,0.2734909313128054,0.2640664887506553,0.14909296124304192,0.2260209058140989
encode_3,0.3460944538014614,0.0044685677852058,resnet18-depth-1000components,"bonner.Object2Vec.regression=lin.regions=EVC,LOC,PFS,OPA,PPA,RSC,FFA,OFA,STS,EBA",26.56756853645129,409.0297872915529,EVC+LOC+PFS+OPA+PPA+RSC+FFA+OFA+STS+EBA,0.40767674490390066,0.4273065023898199,0.3665313819891834,0.4352397481627468,0.4690735150926086,0.3198773978747209,0.2747180698680681,0.2858810169085646,0.16065220255172902,0.26426968659482963
encode_4,0.3734132875714545,0.0045065913776039,resnet18-depth-1000components,"bonner.Object2Vec.regression=lin.regions=EVC,LOC,PFS,OPA,PPA,RSC,FFA,OFA,STS,EBA",51.72132354313078,579.9050012060395,EVC+LOC+PFS+OPA+PPA+RSC+FFA+OFA+STS+EBA,0.39656249433906937,0.44741061371616914,0.38382081902098336,0.44793659014511084,0.48265965347314393,0.3786027028123358,0.29309998614948246,0.37656063222795455,0.1921302482731807,0.2750865101189938
encode_5,0.3872714328999873,0.0046426729548921,resnet18-depth-1000components,"bonner.Object2Vec.regression=lin.regions=EVC,LOC,PFS,OPA,PPA,RSC,FFA,OFA,STS,EBA",32.191181865295775,594.9087999947268,EVC+LOC+PFS+OPA+PPA+RSC+FFA+OFA+STS+EBA,0.3959914284978705,0.4183046875317767,0.3921926982155195,0.4982841017071254,0.4971287714141078,0.4112262657342107,0.3280460774698713,0.4072350142742601,0.19126221139786403,0.24601655471594835
encode_6,0.3817070284228833,0.0046051870502387,resnet18-depth-1000components,"bonner.Object2Vec.regression=lin.regions=EVC,LOC,PFS,OPA,PPA,RSC,FFA,OFA,STS,EBA",41.47879758318418,419.03877943324864,EVC+LOC+PFS+OPA+PPA+RSC+FFA+OFA+STS+EBA,0.39085701188796396,0.42384510981959445,0.38811508027940517,0.52116388361288,0.5063253790872626,0.39265970184585475,0.3157305859446561,0.3792027900085412,0.19013271299037962,0.19202966147492148
encode_7,0.3832857408224737,0.0046201575070058,resnet18-depth-1000components,"bonner.Object2Vec.regression=lin.regions=EVC,LOC,PFS,OPA,PPA,RSC,FFA,OFA,STS,EBA",34.7244540039696,467.2771034302559,EVC+LOC+PFS+OPA+PPA+RSC+FFA+OFA+STS+EBA,0.4036051686605448,0.39669149331504167,0.37026885456656944,0.5220638666624466,0.48794566276040796,0.41996348020854546,0.30129009394076167,0.38234970731062495,0.22676045848295573,0.22317971542622483
encode_8,0.3601349260759854,0.0044293820143166,resnet18-depth-1000components,"bonner.Object2Vec.regression=lin.regions=EVC,LOC,PFS,OPA,PPA,RSC,FFA,OFA,STS,EBA",32.9275031705589,285.51753901854465,EVC+LOC+PFS+OPA+PPA+RSC+FFA+OFA+STS+EBA,0.38613670712575515,0.33770378074092955,0.3434793201810887,0.5116849010550127,0.47764239353977006,0.3810567319229815,0.27606129045884686,0.3569858098393911,0.2238679446561128,0.22171731634821115
encode_9,0.3565318422497718,0.0041941254341536,resnet18-depth-1000components,"bonner.Object2Vec.regression=lin.regions=EVC,LOC,PFS,OPA,PPA,RSC,FFA,OFA,STS,EBA",34.94085972864448,264.6338453119538,EVC+LOC+PFS+OPA+PPA+RSC+FFA+OFA+STS+EBA,0.3660245778345756,0.3619739126602024,0.32967173408752976,0.4902290269317627,0.45485644472280384,0.383190153127908,0.2542989168109925,0.3773938099894436,0.2337487096130823,0.24668558034357235
encode_1,0.3079807800318437,0.0037669009228326,resnet18-simclr-1000components,"bonner.Object2Vec.regression=lin.regions=EVC,LOC,PFS,OPA,PPA,RSC,FFA,OFA,STS,EBA",15.580650141380936,36.30014911301305,EVC+LOC+PFS+OPA+PPA+RSC+FFA+OFA+STS+EBA,0.30912773952441247,0.34668616822566684,0.31339457649754937,0.34525876990264104,0.36267348116856235,0.3356041996396089,0.24989918731151042,0.3411505252755497,0.19650776064826486,0.2335110039202256
encode_2,0.3721023549991366,0.0041496877880426,resnet18-simclr-1000components,"bonner.Object2Vec.regression=lin.regions=EVC,LOC,PFS,OPA,PPA,RSC,FFA,OFA,STS,EBA",21.22004050877271,187.0461335062309,EVC+LOC+PFS+OPA+PPA+RSC+FFA+OFA+STS+EBA,0.38221066440868623,0.40036925704465876,0.36187152431393543,0.4860037282893774,0.4621751073977569,0.38697155033226105,0.3252957959789641,0.3772108577084308,0.21019507395800077,0.26022735723526036
encode_3,0.3896096066135945,0.0043224502793244,resnet18-simclr-1000components,"bonner.Object2Vec.regression=lin.regions=EVC,LOC,PFS,OPA,PPA,RSC,FFA,OFA,STS,EBA",25.21668721474895,455.95286137046094,EVC+LOC+PFS+OPA+PPA+RSC+FFA+OFA+STS+EBA,0.4157830106795371,0.42602370974788867,0.39098561851308855,0.5157877931566834,0.4870720711441331,0.38667134620640037,0.34458435362881895,0.36926969419222677,0.21213691732715467,0.282079330925716
encode_4,0.4020198636475728,0.0047202570853367,resnet18-simclr-1000components,"bonner.Object2Vec.regression=lin.regions=EVC,LOC,PFS,OPA,PPA,RSC,FFA,OFA,STS,EBA",36.6501622083954,588.3455846039001,EVC+LOC+PFS+OPA+PPA+RSC+FFA+OFA+STS+EBA,0.4332396923403473,0.4282433779533966,0.40772676783551237,0.5462841880003908,0.5252942630913334,0.3663723954897467,0.3680815411790953,0.38472756943845166,0.196666640450537,0.30407065461411664
encode_5,0.3923964360420319,0.0046591100147111,resnet18-simclr-1000components,"bonner.Object2Vec.regression=lin.regions=EVC,LOC,PFS,OPA,PPA,RSC,FFA,OFA,STS,EBA",30.08273675485547,598.8525468859698,EVC+LOC+PFS+OPA+PPA+RSC+FFA+OFA+STS+EBA,0.41328780915646646,0.41922895127225634,0.38584284492817433,0.5210976980526842,0.5078700747981713,0.3668608591088063,0.35343394371864545,0.38626920016037253,0.22123312171994092,0.28050350797239765
encode_6,0.4291122211924719,0.0048321913662413,resnet18-simclr-1000components,"bonner.Object2Vec.regression=lin.regions=EVC,LOC,PFS,OPA,PPA,RSC,FFA,OFA,STS,EBA",26.749957281543853,325.97167842208177,EVC+LOC+PFS+OPA+PPA+RSC+FFA+OFA+STS+EBA,0.4204971222227535,0.4170762184137461,0.40598695323935463,0.5971195430528812,0.5374529107105558,0.45016472130380514,0.39588905261995205,0.45957711369438203,0.2406281498380677,0.26744277874731737
encode_7,0.4274779822416723,0.004587441226979,resnet18-simclr-1000components,"bonner.Object2Vec.regression=lin.regions=EVC,LOC,PFS,OPA,PPA,RSC,FFA,OFA,STS,EBA",21.66207168114988,291.9641502224902,EVC+LOC+PFS+OPA+PPA+RSC+FFA+OFA+STS+EBA,0.4155176640186783,0.4423590325504241,0.3831313881382866,0.5917691292809089,0.5308899077816454,0.4566123147588137,0.3698144000244403,0.46099570972925147,0.25240240172308764,0.28195172725536677
encode_8,0.4562691579554194,0.0044944207405794,resnet18-simclr-1000components,"bonner.Object2Vec.regression=lin.regions=EVC,LOC,PFS,OPA,PPA,RSC,FFA,OFA,STS,EBA",23.81049288284383,219.40756765826475,EVC+LOC+PFS+OPA+PPA+RSC+FFA+OFA+STS+EBA,0.4302011707184046,0.44544105709219034,0.4173323169324883,0.6181011003666869,0.5615100237935624,0.518637691373622,0.40452892048179145,0.49906166050098333,0.271241486582415,0.3014638751333878
encode_9,0.4235021293244815,0.0042984429769025,resnet18-simclr-1000components,"bonner.Object2Vec.regression=lin.regions=EVC,LOC,PFS,OPA,PPA,RSC,FFA,OFA,STS,EBA",29.168857847668853,239.6122762606354,EVC+LOC+PFS+OPA+PPA+RSC+FFA+OFA+STS+EBA,0.4142782254040044,0.41477074727733926,0.40828302045122056,0.568970500143109,0.5383483687483098,0.44077830127880785,0.3643822625659154,0.47862403346289184,0.2412224100632962,0.27242144267858853
layer1.0.relu,0.3751998878350829,0.0042178466745423,resnet18-deepcluster-1000components,"bonner.Object2Vec.regression=lin.regions=EVC,LOC,PFS,OPA,PPA,RSC,FFA,OFA,STS,EBA",47.87888254343831,441.1618858801296,EVC+LOC+PFS+OPA+PPA+RSC+FFA+OFA+STS+EBA,0.40647093626428193,0.43726166465718164,0.35350608525045585,0.435298547074801,0.457381391535126,0.35945777594668893,0.30484408998622015,0.3999973679153657,0.26303457809778075,0.27034569559852356
layer1.1.relu,0.4122201455186754,0.004488850282036,resnet18-deepcluster-1000components,"bonner.Object2Vec.regression=lin.regions=EVC,LOC,PFS,OPA,PPA,RSC,FFA,OFA,STS,EBA",40.45401491151681,543.5727155926094,EVC+LOC+PFS+OPA+PPA+RSC+FFA+OFA+STS+EBA,0.4348689707914042,0.4268677843612361,0.39614415714418916,0.5083811272125428,0.517538544644097,0.41306020747175987,0.3712321294507568,0.43756963422569634,0.25221414476851106,0.288097946953398
layer2.0.relu,0.3948737771583612,0.004540901207015,resnet18-deepcluster-1000components,"bonner.Object2Vec.regression=lin.regions=EVC,LOC,PFS,OPA,PPA,RSC,FFA,OFA,STS,EBA",28.360914147795757,441.0188221812854,EVC+LOC+PFS+OPA+PPA+RSC+FFA+OFA+STS+EBA,0.4148474146878323,0.43469764029067315,0.37512094237159455,0.5127174148985217,0.5026484189607774,0.39204767196815415,0.3463086481971672,0.4079086237384892,0.21229844387735153,0.27980469282807463
layer2.1.relu,0.4060662414409298,0.0045281014308579,resnet18-deepcluster-1000components,"bonner.Object2Vec.regression=lin.regions=EVC,LOC,PFS,OPA,PPA,RSC,FFA,OFA,STS,EBA",16.398671842003036,479.7574142711316,EVC+LOC+PFS+OPA+PPA+RSC+FFA+OFA+STS+EBA,0.422489934003467,0.45269685997639575,0.389585193439955,0.5345843510555178,0.5219713773111984,0.3950089367137492,0.35123019109258247,0.40879888350943794,0.22626998873835885,0.28228309201332413
layer3.0.relu,0.4137797574542253,0.0046171505754167,resnet18-deepcluster-1000components,"bonner.Object2Vec.regression=lin.regions=EVC,LOC,PFS,OPA,PPA,RSC,FFA,OFA,STS,EBA",20.28987742154836,244.37194707028445,EVC+LOC+PFS+OPA+PPA+RSC+FFA+OFA+STS+EBA,0.4061886727869842,0.44466495408232937,0.3662056385304605,0.5447028869254329,0.5194507951265803,0.43185552777145053,0.3384408219167434,0.4619301367511922,0.2668314571006263,0.2679468219643452
layer3.1.relu,0.4101237628373663,0.0045338418166786,resnet18-deepcluster-1000components,"bonner.Object2Vec.regression=lin.regions=EVC,LOC,PFS,OPA,PPA,RSC,FFA,OFA,STS,EBA",4.998870683933211,95.9114113773518,EVC+LOC+PFS+OPA+PPA+RSC+FFA+OFA+STS+EBA,0.39340659093595254,0.43844172522859415,0.36471156535147276,0.5528874944573192,0.5152914754109649,0.43316857276630405,0.3465364857244122,0.45593642874073603,0.24842789972778326,0.26042976002506674
layer4.0.relu,0.4285172321180649,0.0044802796626355,resnet18-deepcluster-1000components,"bonner.Object2Vec.regression=lin.regions=EVC,LOC,PFS,OPA,PPA,RSC,FFA,OFA,STS,EBA",2.6698309235594664,44.15163714109454,EVC+LOC+PFS+OPA+PPA+RSC+FFA+OFA+STS+EBA,0.4046422189742137,0.4167326593110992,0.37483561241487406,0.5788093783645532,0.5228796731092064,0.5022095276979152,0.3674346721404378,0.4821002456724589,0.26453957800477057,0.2793943378715117
layer4.1.relu,0.4206708652759556,0.0041540337973287,resnet18-deepcluster-1000components,"bonner.Object2Vec.regression=lin.regions=EVC,LOC,PFS,OPA,PPA,RSC,FFA,OFA,STS,EBA",38.13368232605881,507.2620781250756,EVC+LOC+PFS+OPA+PPA+RSC+FFA+OFA+STS+EBA,0.4394385069375739,0.36746918069441054,0.3492459503714771,0.5641729136987627,0.5070487166918878,0.48484563470420816,0.348400332457886,0.47425567948122566,0.3003881058211464,0.2930882062558458
maxpool,0.3121680034592499,0.0038413099296992,resnet18-deepcluster-1000components,"bonner.Object2Vec.regression=lin.regions=EVC,LOC,PFS,OPA,PPA,RSC,FFA,OFA,STS,EBA",16.56394250086076,59.749077328200485,EVC+LOC+PFS+OPA+PPA+RSC+FFA+OFA+STS+EBA,0.322518401709704,0.39578284070825526,0.3227301038848018,0.359943519326205,0.3831050297109029,0.2912963361280205,0.25882594518398705,0.3276066687382635,0.19114356361241797,0.1989002690691595
relu,0.3677103743607313,0.0040320518015011,resnet18-deepcluster-1000components,"bonner.Object2Vec.regression=lin.regions=EVC,LOC,PFS,OPA,PPA,RSC,FFA,OFA,STS,EBA",28.70759873528777,398.4028092708728,EVC+LOC+PFS+OPA+PPA+RSC+FFA+OFA+STS+EBA,0.39996474331678333,0.4008911730703635,0.3660298468599482,0.45954659978631945,0.44506550416921487,0.3600420383122697,0.31786966833808317,0.3801067574772941,0.24105585294959334,0.2081735449546674
layer1.0.relu,0.3443599528785967,0.0041421873763457,resnet18-cmc-1000components,"bonner.Object2Vec.regression=lin.regions=EVC,LOC,PFS,OPA,PPA,RSC,FFA,OFA,STS,EBA",19.236866744633407,301.8381857339462,EVC+LOC+PFS+OPA+PPA+RSC+FFA+OFA+STS+EBA,0.3724465977473309,0.426583157473191,0.337607094679334,0.37736199060873055,0.41376170885335983,0.3423814220796659,0.26401807563564367,0.3731670364239901,0.2239095342232099,0.2616040512619582
layer1.1.relu,0.3848866390876796,0.0042443068122544,resnet18-cmc-1000components,"bonner.Object2Vec.regression=lin.regions=EVC,LOC,PFS,OPA,PPA,RSC,FFA,OFA,STS,EBA",16.676846185517142,530.9538043697993,EVC+LOC+PFS+OPA+PPA+RSC+FFA+OFA+STS+EBA,0.41978935748164403,0.451138450511232,0.389517898266221,0.45069408572477154,0.47413816948362886,0.3720225055090478,0.3141342538779649,0.40052965504271676,0.2269038922761905,0.2946148307268423
layer2.0.relu,0.3775923805914119,0.0043967746954008,resnet18-cmc-1000components,"bonner.Object2Vec.regression=lin.regions=EVC,LOC,PFS,OPA,PPA,RSC,FFA,OFA,STS,EBA",17.531792428858978,347.6800178206929,EVC+LOC+PFS+OPA+PPA+RSC+FFA+OFA+STS+EBA,0.389752988899267,0.4372259502634225,0.35962775384624085,0.49478655035225794,0.4920192679033969,0.3674069211740481,0.31625902623851065,0.3722962858888576,0.20376293353413513,0.28845204056128754
layer2.1.relu,0.4000317553763041,0.0044918784507458,resnet18-cmc-1000components,"bonner.Object2Vec.regression=lin.regions=EVC,LOC,PFS,OPA,PPA,RSC,FFA,OFA,STS,EBA",22.343408743471603,508.97528523727794,EVC+LOC+PFS+OPA+PPA+RSC+FFA+OFA+STS+EBA,0.4161325455999844,0.45153214670380054,0.3981126052869729,0.5221471511712784,0.5198964466840269,0.37869926320606945,0.34166236402692873,0.3881259205736053,0.22444569009056584,0.29572693689843604
layer3.0.relu,0.4145705309755033,0.004581272984354,resnet18-cmc-1000components,"bonner.Object2Vec.regression=lin.regions=EVC,LOC,PFS,OPA,PPA,RSC,FFA,OFA,STS,EBA",25.5936819507261,302.09893994736143,EVC+LOC+PFS+OPA+PPA+RSC+FFA+OFA+STS+EBA,0.41276342098661833,0.44845042015529285,0.37134397155984994,0.537847188016445,0.518491995415682,0.4179790797262565,0.35346004741978854,0.44593740408066707,0.2701697400355205,0.29745916230971164
layer3.1.relu,0.4105630221016334,0.0043885242304613,resnet18-cmc-1000components,"bonner.Object2Vec.regression=lin.regions=EVC,LOC,PFS,OPA,PPA,RSC,FFA,OFA,STS,EBA",10.805393450747,227.60181445936985,EVC+LOC+PFS+OPA+PPA+RSC+FFA+OFA+STS+EBA,0.39311117916292243,0.45627065224368,0.36494804108112,0.5507081311152051,0.5159238130439237,0.4151461694471648,0.3401123658825641,0.4317940917434294,0.2774650050750834,0.27997549096362695
layer4.0.relu,0.4326930068520217,0.0044124962484975,resnet18-cmc-1000components,"bonner.Object2Vec.regression=lin.regions=EVC,LOC,PFS,OPA,PPA,RSC,FFA,OFA,STS,EBA",6.996395328744331,113.41927096104116,EVC+LOC+PFS+OPA+PPA+RSC+FFA+OFA+STS+EBA,0.4135620529638463,0.45509778495481684,0.3994739338574784,0.5833154539726966,0.5287688386566236,0.4537323689490101,0.36020353871357713,0.4687922665827901,0.28088202724642153,0.3042705166321074
layer4.1.relu,0.4345641029702307,0.0043834600816952,resnet18-cmc-1000components,"bonner.Object2Vec.regression=lin.regions=EVC,LOC,PFS,OPA,PPA,RSC,FFA,OFA,STS,EBA",33.156591597273305,182.07863536414104,EVC+LOC+PFS+OPA+PPA+RSC+FFA+OFA+STS+EBA,0.40401157289724476,0.41121349748892305,0.39838294283240216,0.5833787319888248,0.526042750737213,0.503271538342164,0.35088335515152774,0.49226003594747714,0.3100699607346294,0.256280789304983
maxpool,0.3105547871417448,0.0037565419828154,resnet18-cmc-1000components,"bonner.Object2Vec.regression=lin.regions=EVC,LOC,PFS,OPA,PPA,RSC,FFA,OFA,STS,EBA",15.110128640126662,45.05246971559927,EVC+LOC+PFS+OPA+PPA+RSC+FFA+OFA+STS+EBA,0.3225929130748223,0.3665978584537113,0.3296374802234953,0.3343157456297652,0.36860778015594603,0.31179199970517063,0.25827042057594557,0.3344134469644099,0.2004432465460312,0.22816193078759955
relu,0.2411605284484851,0.0038927515490719,resnet18-cmc-1000components,"bonner.Object2Vec.regression=lin.regions=EVC,LOC,PFS,OPA,PPA,RSC,FFA,OFA,STS,EBA",7.514854600589629,38.041532440081326,EVC+LOC+PFS+OPA+PPA+RSC+FFA+OFA+STS+EBA,0.2969148950663426,0.25663192180713684,0.29256252764402946,0.289876893565925,0.32151614792154226,0.16084220453194942,0.20954430749039876,0.19745475336808938,0.1758077412825615,0.16108259943334763
